SalePrice,YearBuilt,YrSold,NumberSold,MonthSold,Size_sqf,Floor,N_Parkinglot_Ground,N_elevators,N_FacilitiesNearBy_PublicOffice,N_FacilitiesNearBy_Hospital,N_FacilitiesNearBy_Dpartmentstore,N_FacilitiesNearBy_Mall,N_FacilitiesNearBy_Park,N_SchoolNearBy_University,N_FacilitiesNearByTotal,N_SchoolNearByTotal
141592,2006,2007,1,8,814,3,111,0,2,1,1,1,0,2,6,9
51327,1985,2007,22,8,587,8,80,2,5,1,2,1,1,0,12,4
48672,1985,2007,22,8,587,6,80,2,5,1,2,1,1,0,12,4
380530,2006,2007,1,8,2056,8,249,11,1,1,0,1,0,2,3,7
221238,1993,2007,14,8,1761,3,523,20,6,2,0,1,0,5,14,17
35840,1992,2007,15,8,355,5,200,10,7,1,1,1,1,5,16,17
78318,1992,2007,15,8,644,2,142,8,5,1,1,1,0,4,9,14
61946,1993,2007,14,8,644,10,523,20,6,2,0,1,0,5,14,17
84070,1993,2007,14,8,644,3,523,20,6,2,0,1,0,5,14,17
83185,1992,2007,15,8,644,13,142,8,5,1,1,1,0,4,9,14
168141,1986,2007,21,8,1377,4,713,27,5,1,1,0,1,1,9,6
153982,1986,2007,21,8,914,11,713,27,5,1,1,0,1,1,9,6
200884,2007,2007,0,8,868,18,0,16,3,1,2,1,2,2,9,10
60176,1985,2007,22,9,587,7,80,2,5,1,2,1,1,0,12,4
93362,1986,2007,21,9,910,7,100,2,5,1,2,1,1,2,11,13
185840,1993,2007,14,9,1288,24,523,20,6,2,0,1,0,5,14,17
120796,1993,2007,14,9,914,2,523,20,6,2,0,1,0,5,14,17
64601,1992,2007,15,9,576,5,200,10,7,1,1,1,1,5,16,17
176991,1993,2007,14,9,1451,1,523,20,6,2,0,1,0,5,14,17
55752,1992,2007,15,9,576,1,200,10,7,1,1,1,1,5,16,17
38053,1992,2007,15,9,355,3,200,10,7,1,1,1,1,5,16,17
92035,1993,2007,14,9,644,20,523,20,6,2,0,1,0,5,14,17
181061,2007,2007,0,9,868,18,0,16,3,1,2,1,2,2,9,10
165486,1986,2007,21,9,1131,7,713,27,5,1,1,0,1,1,9,6
198230,2007,2007,0,9,868,12,0,16,3,1,2,1,2,2,9,10
185840,2007,2007,0,9,868,3,0,16,3,1,2,1,2,2,9,10
448672,2007,2007,0,9,1643,39,0,16,3,1,2,1,2,2,9,10
371681,2007,2007,0,9,1387,38,0,16,3,1,2,1,2,2,9,10
167964,2006,2007,1,9,903,10,123,11,3,1,1,1,0,1,8,11
198230,2007,2007,0,9,868,13,0,16,3,1,2,1,2,2,9,10
74336,1997,2007,10,10,644,15,82,4,7,1,2,1,1,3,13,7
46902,1985,2007,22,10,587,5,80,2,5,1,2,1,1,0,12,4
61946,1985,2007,22,10,676,7,80,2,5,1,2,1,1,0,12,4
292035,2006,2007,1,10,2056,2,249,11,1,1,0,1,0,2,3,7
221238,1993,2007,14,10,1761,15,523,20,6,2,0,1,0,5,14,17
38495,1992,2007,15,10,355,13,200,10,7,1,1,1,1,5,16,17
60619,1992,2007,15,10,576,2,200,10,7,1,1,1,1,5,16,17
138053,1993,2007,14,10,914,9,523,20,6,2,0,1,0,5,14,17
39823,1992,2007,15,10,355,5,200,10,7,1,1,1,1,5,16,17
36283,1992,2007,15,10,355,1,200,10,7,1,1,1,1,5,16,17
92920,1993,2007,14,10,644,18,523,20,6,2,0,1,0,5,14,17
176991,1993,2007,14,10,1451,17,523,20,6,2,0,1,0,5,14,17
134513,1993,2007,14,10,914,16,523,20,6,2,0,1,0,5,14,17
77876,1992,2007,15,10,644,7,142,8,5,1,1,1,0,4,9,14
85840,1993,2007,14,10,644,17,523,20,6,2,0,1,0,5,14,17
141592,1992,2007,15,10,1448,11,142,8,5,1,1,1,0,4,9,14
98230,1993,2007,14,10,644,12,523,20,6,2,0,1,0,5,14,17
35398,1992,2007,15,10,355,8,200,10,7,1,1,1,1,5,16,17
159292,1993,2007,14,10,1288,15,523,20,6,2,0,1,0,5,14,17
95575,1993,2007,14,10,644,14,523,20,6,2,0,1,0,5,14,17
147787,2005,2007,2,10,743,8,67,0,5,2,0,1,0,4,13,15
340707,2007,2007,0,10,1387,42,0,16,3,1,2,1,2,2,9,10
197345,2007,2007,0,10,868,7,0,16,3,1,2,1,2,2,9,10
181415,2007,2007,0,10,868,7,0,16,3,1,2,1,2,2,9,10
346017,2007,2007,0,10,1387,28,0,16,3,1,2,1,2,2,9,10
55752,1985,2007,22,11,587,9,80,2,5,1,2,1,1,0,12,4
347787,2007,2007,0,11,1334,10,7,5,4,1,2,1,1,1,9,5
347787,2007,2007,0,11,1334,17,7,5,4,1,2,1,1,1,9,5
383185,2007,2007,0,11,1444,16,7,5,4,1,2,1,1,1,9,5
462831,2007,2007,0,11,1690,22,7,5,4,1,2,1,1,1,9,5
407079,2007,2007,0,11,1629,4,7,5,4,1,2,1,1,1,9,5
360176,2007,2007,0,11,1483,4,7,5,4,1,2,1,1,1,9,5
315929,2007,2007,0,11,1334,3,7,5,4,1,2,1,1,1,9,5
289380,2007,2007,0,11,1273,3,7,5,4,1,2,1,1,1,9,5
348672,2007,2007,0,11,1483,3,7,5,4,1,2,1,1,1,9,5
465486,2007,2007,0,11,1690,25,7,5,4,1,2,1,1,1,9,5
393805,2007,2007,0,11,1629,3,7,5,4,1,2,1,1,1,9,5
408849,2007,2007,0,11,1690,3,7,5,4,1,2,1,1,1,9,5
348672,2007,2007,0,11,1483,3,7,5,4,1,2,1,1,1,9,5
371681,2007,2007,0,11,1483,9,7,5,4,1,2,1,1,1,9,5
326548,2007,2007,0,11,1334,4,7,5,4,1,2,1,1,1,9,5
348672,2007,2007,0,11,1483,4,7,5,4,1,2,1,1,1,9,5
371681,2007,2007,0,11,1483,6,7,5,4,1,2,1,1,1,9,5
348672,2007,2007,0,11,1483,5,7,5,4,1,2,1,1,1,9,5
371681,2007,2007,0,11,1483,8,7,5,4,1,2,1,1,1,9,5
337168,2007,2007,0,11,1483,3,7,5,4,1,2,1,1,1,9,5
360176,2007,2007,0,11,1483,4,7,5,4,1,2,1,1,1,9,5
360176,2007,2007,0,11,1483,6,7,5,4,1,2,1,1,1,9,5
95132,1986,2007,21,11,910,15,100,2,5,1,2,1,1,2,11,13
110619,1993,2007,14,11,914,1,523,20,6,2,0,1,0,5,14,17
163716,2005,2007,2,11,914,8,67,0,5,2,0,1,0,4,13,15
232212,2007,2007,0,11,1103,24,554,10,2,2,2,2,1,2,9,8
86725,1993,2007,14,11,644,15,523,20,6,2,0,1,0,5,14,17
172566,1993,2007,14,11,1761,4,523,20,6,2,0,1,0,5,14,17
194690,1993,2007,14,11,2337,18,523,20,6,2,0,1,0,5,14,17
36283,1992,2007,15,11,355,4,200,10,7,1,1,1,1,5,16,17
60176,1992,2007,15,11,576,14,200,10,7,1,1,1,1,5,16,17
88495,1993,2007,14,11,644,19,523,20,6,2,0,1,0,5,14,17
61946,1992,2007,15,11,576,8,200,10,7,1,1,1,1,5,16,17
81858,1992,2007,15,11,644,16,142,8,5,1,1,1,0,4,9,14
60176,1992,2007,15,11,576,11,200,10,7,1,1,1,1,5,16,17
191150,2007,2007,0,11,868,8,0,16,3,1,2,1,2,2,9,10
408849,2007,2007,0,11,1643,4,0,16,3,1,2,1,2,2,9,10
162831,1986,2007,21,11,1131,5,713,27,5,1,1,0,1,1,9,6
203539,2007,2007,0,11,868,21,0,16,3,1,2,1,2,2,9,10
94690,1986,2007,21,12,910,16,100,2,5,1,2,1,1,2,11,13
242920,2006,2007,1,12,1437,4,249,11,1,1,0,1,0,2,3,7
307964,2006,2007,1,12,1743,15,249,11,1,1,0,1,0,2,3,7
287486,2007,2007,0,12,1366,19,554,10,2,2,2,2,1,2,9,8
285840,2007,2007,0,12,1366,20,554,10,2,2,2,2,1,2,9,8
132743,1993,2007,14,12,914,16,523,20,6,2,0,1,0,5,14,17
176991,2007,2007,0,12,914,30,554,10,2,2,2,2,1,2,9,8
323982,2007,2007,0,12,1448,30,554,10,2,2,2,2,1,2,9,8
92035,1993,2007,14,12,644,15,523,20,6,2,0,1,0,5,14,17
115044,1993,2007,14,12,914,9,523,20,6,2,0,1,0,5,14,17
137168,1993,2007,14,12,914,21,523,20,6,2,0,1,0,5,14,17
265486,2007,2007,0,12,1394,24,554,10,2,2,2,2,1,2,9,8
97345,1993,2007,14,12,644,17,523,20,6,2,0,1,0,5,14,17
199469,2007,2007,0,12,1103,17,554,10,2,2,2,2,1,2,9,8
290000,2007,2007,0,12,1366,18,554,10,2,2,2,2,1,2,9,8
82300,1993,2007,14,12,644,8,523,20,6,2,0,1,0,5,14,17
134513,1993,2007,14,12,914,11,523,20,6,2,0,1,0,5,14,17
201769,2007,2007,0,12,868,24,0,16,3,1,2,1,2,2,9,10
185840,1986,2007,21,12,1131,5,713,27,5,1,1,0,1,1,9,6
174336,1986,2007,21,12,1131,11,713,27,5,1,1,0,1,1,9,6
319469,2007,2007,0,12,1387,30,0,16,3,1,2,1,2,2,9,10
170796,1986,2007,21,12,1377,2,713,27,5,1,1,0,1,1,9,6
112389,1997,2008,11,1,914,11,82,4,7,1,2,1,1,3,13,7
72566,1985,2008,23,1,676,6,80,2,5,1,2,1,1,0,12,4
448672,2007,2008,1,1,1690,18,7,5,4,1,2,1,1,1,9,5
462831,2007,2008,1,1,1690,20,7,5,4,1,2,1,1,1,9,5
317699,2007,2008,1,1,1273,13,7,5,4,1,2,1,1,1,9,5
295460,2007,2008,1,1,1273,18,7,5,4,1,2,1,1,1,9,5
44247,1986,2008,22,1,508,1,100,2,5,1,2,1,1,2,11,13
51327,1986,2008,22,1,508,11,100,2,5,1,2,1,1,2,11,13
52212,1986,2008,22,1,547,4,100,2,5,1,2,1,1,2,11,13
265486,2006,2008,2,1,1437,28,249,11,1,1,0,1,0,2,3,7
38761,1992,2008,16,1,355,3,200,10,7,1,1,1,1,5,16,17
39823,1992,2008,16,1,355,12,200,10,7,1,1,1,1,5,16,17
84070,1993,2008,15,1,644,21,523,20,6,2,0,1,0,5,14,17
212389,2005,2008,3,1,1184,17,67,0,5,2,0,1,0,4,13,15
225663,2007,2008,1,1,1103,14,554,10,2,2,2,2,1,2,9,8
151327,2005,2008,3,1,743,10,67,0,5,2,0,1,0,4,13,15
91150,1993,2008,15,1,644,20,523,20,6,2,0,1,0,5,14,17
131415,2005,2008,3,1,743,3,67,0,5,2,0,1,0,4,13,15
135398,1993,2008,15,1,914,10,523,20,6,2,0,1,0,5,14,17
163539,2007,2008,1,1,914,26,554,10,2,2,2,2,1,2,9,8
176991,2007,2008,1,1,914,26,554,10,2,2,2,2,1,2,9,8
80530,1993,2008,15,1,644,2,523,20,6,2,0,1,0,5,14,17
86283,1993,2008,15,1,644,12,523,20,6,2,0,1,0,5,14,17
126106,1993,2008,15,1,914,17,523,20,6,2,0,1,0,5,14,17
207964,1986,2008,22,1,1377,10,713,27,5,1,1,0,1,1,9,6
198230,2007,2008,1,1,868,11,0,16,3,1,2,1,2,2,9,10
203539,2007,2008,1,1,868,24,0,16,3,1,2,1,2,2,9,10
194690,2007,2008,1,1,868,10,0,16,3,1,2,1,2,2,9,10
351769,2007,2008,1,1,1387,41,0,16,3,1,2,1,2,2,9,10
119292,1986,2008,22,1,914,4,713,27,5,1,1,0,1,1,9,6
193805,2007,2008,1,1,868,14,0,16,3,1,2,1,2,2,9,10
221238,2006,2008,2,1,1192,4,123,11,3,1,1,1,0,1,8,11
150442,1986,2008,22,1,1131,3,713,27,5,1,1,0,1,1,9,6
191150,2007,2008,1,1,868,17,0,16,3,1,2,1,2,2,9,10
110619,1997,2008,11,2,914,13,82,4,7,1,2,1,1,3,13,7
61946,1985,2008,23,2,587,8,80,2,5,1,2,1,1,0,12,4
283185,2007,2008,1,2,1483,4,7,5,4,1,2,1,1,1,9,5
383185,2007,2008,1,2,1483,17,7,5,4,1,2,1,1,1,9,5
357522,2007,2008,1,2,1334,25,7,5,4,1,2,1,1,1,9,5
337168,2007,2008,1,2,1273,27,7,5,4,1,2,1,1,1,9,5
93805,1986,2008,22,2,910,11,100,2,5,1,2,1,1,2,11,13
197345,2006,2008,2,2,914,15,249,11,1,1,0,1,0,2,3,7
101327,1993,2008,15,2,644,11,523,20,6,2,0,1,0,5,14,17
146017,1993,2008,15,2,914,10,523,20,6,2,0,1,0,5,14,17
243362,1993,2008,15,2,2337,14,523,20,6,2,0,1,0,5,14,17
69026,1992,2008,16,2,640,11,200,10,7,1,1,1,1,5,16,17
79646,1993,2008,15,2,644,4,523,20,6,2,0,1,0,5,14,17
295575,2007,2008,1,2,1394,20,554,10,2,2,2,2,1,2,9,8
64601,1992,2008,16,2,576,10,200,10,7,1,1,1,1,5,16,17
127433,1993,2008,15,2,914,14,523,20,6,2,0,1,0,5,14,17
66371,1992,2008,16,2,640,1,200,10,7,1,1,1,1,5,16,17
160637,2007,2008,1,2,914,11,554,10,2,2,2,2,1,2,9,8
35398,1992,2008,16,2,355,15,200,10,7,1,1,1,1,5,16,17
256637,2007,2008,1,2,1366,12,554,10,2,2,2,2,1,2,9,8
254867,1986,2008,22,2,1796,9,713,27,5,1,1,0,1,1,9,6
176991,2007,2008,1,2,868,15,0,16,3,1,2,1,2,2,9,10
188495,2007,2008,1,2,868,3,0,16,3,1,2,1,2,2,9,10
176106,2006,2008,2,2,903,1,123,11,3,1,1,1,0,1,8,11
428318,2007,2008,1,2,1643,20,0,16,3,1,2,1,2,2,9,10
176106,2006,2008,2,2,903,1,123,11,3,1,1,1,0,1,8,11
166371,1986,2008,22,2,1131,9,713,27,5,1,1,0,1,1,9,6
151769,1986,2008,22,2,914,11,713,27,5,1,1,0,1,1,9,6
150442,1986,2008,22,2,1131,1,713,27,5,1,1,0,1,1,9,6
115929,1997,2008,11,3,914,13,82,4,7,1,2,1,1,3,13,7
63274,1997,2008,11,3,558,11,82,4,7,1,2,1,1,3,13,7
219469,2006,2008,2,3,910,16,111,0,2,1,1,1,0,2,6,9
123893,2003,2008,5,3,907,7,82,4,7,1,2,1,1,3,13,7
59734,1985,2008,23,3,587,9,80,2,5,1,2,1,1,0,12,4
60176,1985,2008,23,3,587,5,80,2,5,1,2,1,1,0,12,4
327433,2007,2008,1,3,1273,22,7,5,4,1,2,1,1,1,9,5
307964,2007,2008,1,3,1273,9,7,5,4,1,2,1,1,1,9,5
448672,2007,2008,1,3,1690,16,7,5,4,1,2,1,1,1,9,5
370796,2007,2008,1,3,1483,18,7,5,4,1,2,1,1,1,9,5
347787,2007,2008,1,3,1690,11,7,5,4,1,2,1,1,1,9,5
462831,2007,2008,1,3,1690,22,7,5,4,1,2,1,1,1,9,5
448672,2007,2008,1,3,1690,15,7,5,4,1,2,1,1,1,9,5
435398,2007,2008,1,3,1690,7,7,5,4,1,2,1,1,1,9,5
51327,1986,2008,22,3,508,2,100,2,5,1,2,1,1,2,11,13
269911,2006,2008,2,3,1149,28,249,11,1,1,0,1,0,2,3,7
256637,2006,2008,2,3,1437,3,249,11,1,1,0,1,0,2,3,7
272566,2006,2008,2,3,1412,22,249,11,1,1,0,1,0,2,3,7
178761,2005,2008,3,3,914,24,67,0,5,2,0,1,0,4,13,15
194690,2007,2008,1,3,1103,3,554,10,2,2,2,2,1,2,9,8
174336,1993,2008,15,3,1451,5,523,20,6,2,0,1,0,5,14,17
37787,1992,2008,16,3,355,15,200,10,7,1,1,1,1,5,16,17
161946,2005,2008,3,3,914,18,67,0,5,2,0,1,0,4,13,15
70796,1992,2008,16,3,644,4,142,8,5,1,1,1,0,4,9,14
84955,1993,2008,15,3,644,15,523,20,6,2,0,1,0,5,14,17
92035,1993,2008,15,3,644,8,523,20,6,2,0,1,0,5,14,17
90707,1993,2008,15,3,644,6,523,20,6,2,0,1,0,5,14,17
194690,1993,2008,15,3,1288,16,523,20,6,2,0,1,0,5,14,17
153539,2005,2008,3,3,743,17,67,0,5,2,0,1,0,4,13,15
122389,1993,2008,15,3,914,18,523,20,6,2,0,1,0,5,14,17
123893,1993,2008,15,3,914,2,523,20,6,2,0,1,0,5,14,17
341592,2007,2008,1,3,1448,29,554,10,2,2,2,2,1,2,9,8
37168,1992,2008,16,3,355,14,200,10,7,1,1,1,1,5,16,17
124778,1993,2008,15,3,914,21,523,20,6,2,0,1,0,5,14,17
222123,2007,2008,1,3,1103,24,554,10,2,2,2,2,1,2,9,8
207964,2007,2008,1,3,1103,6,554,10,2,2,2,2,1,2,9,8
168141,1993,2008,15,3,1451,3,523,20,6,2,0,1,0,5,14,17
80530,1992,2008,16,3,644,15,142,8,5,1,1,1,0,4,9,14
169911,1986,2008,22,3,1377,2,713,27,5,1,1,0,1,1,9,6
207079,2007,2008,1,3,868,19,0,16,3,1,2,1,2,2,9,10
381663,2007,2008,1,3,1387,31,0,16,3,1,2,1,2,2,9,10
184955,1986,2008,22,3,1377,5,713,27,5,1,1,0,1,1,9,6
356637,2007,2008,1,3,1387,23,0,16,3,1,2,1,2,2,9,10
207079,2007,2008,1,3,868,18,0,16,3,1,2,1,2,2,9,10
184070,2007,2008,1,3,868,4,0,16,3,1,2,1,2,2,9,10
170796,1986,2008,22,3,1131,12,713,27,5,1,1,0,1,1,9,6
147787,1986,2008,22,3,914,1,713,27,5,1,1,0,1,1,9,6
442477,2007,2008,1,3,1643,43,0,16,3,1,2,1,2,2,9,10
150442,1986,2008,22,3,1131,11,713,27,5,1,1,0,1,1,9,6
408849,2007,2008,1,3,1643,5,0,16,3,1,2,1,2,2,9,10
70796,1985,2008,23,4,676,8,80,2,5,1,2,1,1,0,12,4
57522,1985,2008,23,4,587,7,80,2,5,1,2,1,1,0,12,4
383185,2007,2008,1,4,1444,10,7,5,4,1,2,1,1,1,9,5
382300,2007,2008,1,4,1483,20,7,5,4,1,2,1,1,1,9,5
462831,2007,2008,1,4,1690,23,7,5,4,1,2,1,1,1,9,5
371681,2007,2008,1,4,1483,7,7,5,4,1,2,1,1,1,9,5
373451,2007,2008,1,4,1483,24,7,5,4,1,2,1,1,1,9,5
347787,2007,2008,1,4,1334,10,7,5,4,1,2,1,1,1,9,5
383185,2007,2008,1,4,1483,16,7,5,4,1,2,1,1,1,9,5
48672,1986,2008,22,4,508,6,100,2,5,1,2,1,1,2,11,13
191150,2006,2008,2,4,914,7,249,11,1,1,0,1,0,2,3,7
272566,2006,2008,2,4,1437,10,249,11,1,1,0,1,0,2,3,7
212389,1993,2008,15,4,1761,15,523,20,6,2,0,1,0,5,14,17
86725,1992,2008,16,4,644,13,142,8,5,1,1,1,0,4,9,14
247787,2007,2008,1,4,1448,31,554,10,2,2,2,2,1,2,9,8
128318,1993,2008,15,4,914,4,523,20,6,2,0,1,0,5,14,17
85132,1993,2008,15,4,644,17,523,20,6,2,0,1,0,5,14,17
265486,2007,2008,1,4,1366,17,554,10,2,2,2,2,1,2,9,8
162831,1993,2008,15,4,1451,18,523,20,6,2,0,1,0,5,14,17
84955,1993,2008,15,4,644,15,523,20,6,2,0,1,0,5,14,17
89380,1993,2008,15,4,644,3,523,20,6,2,0,1,0,5,14,17
185840,2005,2008,3,4,914,20,67,0,5,2,0,1,0,4,13,15
38938,1992,2008,16,4,355,13,200,10,7,1,1,1,1,5,16,17
221238,1993,2008,15,4,2337,9,523,20,6,2,0,1,0,5,14,17
164601,1986,2008,22,4,1131,12,713,27,5,1,1,0,1,1,9,6
176106,1986,2008,22,4,1377,2,713,27,5,1,1,0,1,1,9,6
142920,2006,2008,2,5,814,17,111,0,2,1,1,1,0,2,6,9
66371,1985,2008,23,5,587,6,80,2,5,1,2,1,1,0,12,4
72123,1985,2008,23,5,676,9,80,2,5,1,2,1,1,0,12,4
44690,1985,2008,23,5,498,7,80,2,5,1,2,1,1,0,12,4
448672,2007,2008,1,5,1690,12,7,5,4,1,2,1,1,1,9,5
383185,2007,2008,1,5,1483,15,7,5,4,1,2,1,1,1,9,5
307964,2007,2008,1,5,1273,7,7,5,4,1,2,1,1,1,9,5
53097,1986,2008,22,5,451,13,100,2,5,1,2,1,1,2,11,13
53982,1986,2008,22,5,451,9,100,2,5,1,2,1,1,2,11,13
265486,2006,2008,2,5,1437,28,249,11,1,1,0,1,0,2,3,7
265486,2006,2008,2,5,1437,20,249,11,1,1,0,1,0,2,3,7
173451,2005,2008,3,5,914,6,67,0,5,2,0,1,0,4,13,15
141592,2005,2008,3,5,743,9,67,0,5,2,0,1,0,4,13,15
65929,1992,2008,16,5,576,7,200,10,7,1,1,1,1,5,16,17
185840,1993,2008,15,5,1761,17,523,20,6,2,0,1,0,5,14,17
265486,2007,2008,1,5,1103,9,554,10,2,2,2,2,1,2,9,8
181415,1993,2008,15,5,1451,19,523,20,6,2,0,1,0,5,14,17
127433,1993,2008,15,5,914,14,523,20,6,2,0,1,0,5,14,17
181415,1993,2008,15,5,1761,1,523,20,6,2,0,1,0,5,14,17
144247,2005,2008,3,5,743,7,67,0,5,2,0,1,0,4,13,15
183628,2005,2008,3,5,914,16,67,0,5,2,0,1,0,4,13,15
44247,1992,2008,16,5,576,4,200,10,7,1,1,1,1,5,16,17
185840,1993,2008,15,5,2337,24,523,20,6,2,0,1,0,5,14,17
291238,2007,2008,1,5,1394,11,554,10,2,2,2,2,1,2,9,8
291238,2007,2008,1,5,1394,11,554,10,2,2,2,2,1,2,9,8
277876,2007,2008,1,5,1419,11,554,10,2,2,2,2,1,2,9,8
137168,1993,2008,15,5,914,23,523,20,6,2,0,1,0,5,14,17
176991,2006,2008,2,5,903,4,123,11,3,1,1,1,0,1,8,11
198230,1986,2008,22,5,1377,4,713,27,5,1,1,0,1,1,9,6
332743,2007,2008,1,5,1387,24,0,16,3,1,2,1,2,2,9,10
69911,1997,2008,11,6,558,12,82,4,7,1,2,1,1,3,13,7
194690,2006,2008,2,6,910,12,111,0,2,1,1,1,0,2,6,9
55752,1985,2008,23,6,587,9,80,2,5,1,2,1,1,0,12,4
61061,1985,2008,23,6,587,7,80,2,5,1,2,1,1,0,12,4
326548,2007,2008,1,6,1334,4,7,5,4,1,2,1,1,1,9,5
360176,2007,2008,1,6,1483,4,7,5,4,1,2,1,1,1,9,5
289380,2007,2008,1,6,1273,3,7,5,4,1,2,1,1,1,9,5
307964,2007,2008,1,6,1273,8,7,5,4,1,2,1,1,1,9,5
371681,2007,2008,1,6,1483,8,7,5,4,1,2,1,1,1,9,5
317699,2007,2008,1,6,1273,10,7,5,4,1,2,1,1,1,9,5
315929,2007,2008,1,6,1334,3,7,5,4,1,2,1,1,1,9,5
346017,2006,2008,2,6,2056,15,249,11,1,1,0,1,0,2,3,7
171681,2005,2008,3,6,914,12,67,0,5,2,0,1,0,4,13,15
268849,2007,2008,1,6,1419,4,554,10,2,2,2,2,1,2,9,8
172566,2005,2008,3,6,914,21,67,0,5,2,0,1,0,4,13,15
353982,2007,2008,1,6,1366,21,554,10,2,2,2,2,1,2,9,8
128318,1993,2008,15,6,914,15,523,20,6,2,0,1,0,5,14,17
283185,2007,2008,1,6,1366,11,554,10,2,2,2,2,1,2,9,8
169911,2005,2008,3,6,914,10,67,0,5,2,0,1,0,4,13,15
38053,1992,2008,16,6,355,5,200,10,7,1,1,1,1,5,16,17
221238,2007,2008,1,6,1103,16,554,10,2,2,2,2,1,2,9,8
159292,2005,2008,3,6,914,21,67,0,5,2,0,1,0,4,13,15
129646,1993,2008,15,6,914,14,523,20,6,2,0,1,0,5,14,17
176991,1993,2008,15,6,1288,13,523,20,6,2,0,1,0,5,14,17
225663,2005,2008,3,6,1184,20,67,0,5,2,0,1,0,4,13,15
92035,1993,2008,15,6,644,10,523,20,6,2,0,1,0,5,14,17
38584,1992,2008,16,6,355,9,200,10,7,1,1,1,1,5,16,17
225663,2007,2008,1,6,868,20,0,16,3,1,2,1,2,2,9,10
333628,2007,2008,1,6,1387,17,0,16,3,1,2,1,2,2,9,10
185840,2007,2008,1,6,868,6,0,16,3,1,2,1,2,2,9,10
163716,1986,2008,22,6,1131,7,713,27,5,1,1,0,1,1,9,6
167964,2006,2008,2,6,903,14,123,11,3,1,1,1,0,1,8,11
348672,2007,2008,1,6,1387,38,0,16,3,1,2,1,2,2,9,10
362831,2007,2008,1,6,1387,35,0,16,3,1,2,1,2,2,9,10
333628,2007,2008,1,6,1387,14,0,16,3,1,2,1,2,2,9,10
168141,2006,2008,2,6,903,1,123,11,3,1,1,1,0,1,8,11
199115,2007,2008,1,6,868,9,0,16,3,1,2,1,2,2,9,10
141592,1978,2008,30,6,903,8,87,4,3,2,1,1,0,2,7,11
194690,2007,2008,1,6,868,8,0,16,3,1,2,1,2,2,9,10
346017,2007,2008,1,6,1387,17,0,16,3,1,2,1,2,2,9,10
317699,2007,2008,1,7,1483,11,7,5,4,1,2,1,1,1,9,5
383185,2007,2008,1,7,1483,19,7,5,4,1,2,1,1,1,9,5
348672,2007,2008,1,7,1483,5,7,5,4,1,2,1,1,1,9,5
408849,2007,2008,1,7,1690,3,7,5,4,1,2,1,1,1,9,5
337168,2007,2008,1,7,1483,3,7,5,4,1,2,1,1,1,9,5
348672,2007,2008,1,7,1483,4,7,5,4,1,2,1,1,1,9,5
340707,2006,2008,2,7,1743,6,249,11,1,1,0,1,0,2,3,7
380530,2006,2008,2,7,2056,17,249,11,1,1,0,1,0,2,3,7
380530,2006,2008,2,7,2056,26,249,11,1,1,0,1,0,2,3,7
58849,1992,2008,16,7,576,1,200,10,7,1,1,1,1,5,16,17
61946,1992,2008,16,7,576,12,200,10,7,1,1,1,1,5,16,17
137168,1993,2008,15,7,914,10,523,20,6,2,0,1,0,5,14,17
121238,1993,2008,15,7,914,3,523,20,6,2,0,1,0,5,14,17
65486,1992,2008,16,7,576,11,200,10,7,1,1,1,1,5,16,17
141592,2005,2008,3,7,743,14,67,0,5,2,0,1,0,4,13,15
68141,1992,2008,16,7,644,6,200,10,7,1,1,1,1,5,16,17
92035,1993,2008,15,7,644,11,523,20,6,2,0,1,0,5,14,17
230088,2005,2008,3,7,1184,10,67,0,5,2,0,1,0,4,13,15
80530,1993,2008,15,7,644,1,523,20,6,2,0,1,0,5,14,17
48672,1992,2008,16,7,576,3,200,10,7,1,1,1,1,5,16,17
38053,1992,2008,16,7,355,2,200,10,7,1,1,1,1,5,16,17
185840,1993,2008,15,7,1451,21,523,20,6,2,0,1,0,5,14,17
123008,1986,2008,22,7,1131,1,713,27,5,1,1,0,1,1,9,6
132743,1986,2008,22,7,914,7,713,27,5,1,1,0,1,1,9,6
151327,1986,2008,22,7,1131,3,713,27,5,1,1,0,1,1,9,6
398230,2007,2008,1,7,1519,26,0,16,3,1,2,1,2,2,9,10
190265,1986,2008,22,7,1377,9,713,27,5,1,1,0,1,1,9,6
165929,1986,2008,22,7,1313,4,713,27,5,1,1,0,1,1,9,6
408849,2007,2008,1,8,1690,3,7,5,4,1,2,1,1,1,9,5
307964,2007,2008,1,8,1273,6,7,5,4,1,2,1,1,1,9,5
383185,2007,2008,1,8,1483,17,7,5,4,1,2,1,1,1,9,5
371681,2007,2008,1,8,1483,6,7,5,4,1,2,1,1,1,9,5
348672,2007,2008,1,8,1483,3,7,5,4,1,2,1,1,1,9,5
360176,2007,2008,1,8,1483,6,7,5,4,1,2,1,1,1,9,5
278761,2006,2008,2,8,1743,5,249,11,1,1,0,1,0,2,3,7
380530,2006,2008,2,8,2056,11,249,11,1,1,0,1,0,2,3,7
204424,2006,2008,2,8,914,13,249,11,1,1,0,1,0,2,3,7
75221,1993,2008,15,8,644,21,523,20,6,2,0,1,0,5,14,17
84070,1993,2008,15,8,644,6,523,20,6,2,0,1,0,5,14,17
92035,1993,2008,15,8,644,18,523,20,6,2,0,1,0,5,14,17
79646,1992,2008,16,8,644,10,142,8,5,1,1,1,0,4,9,14
204424,1993,2008,15,8,2337,14,523,20,6,2,0,1,0,5,14,17
252212,2007,2008,1,8,914,13,554,10,2,2,2,2,1,2,9,8
194690,1993,2008,15,8,2337,12,523,20,6,2,0,1,0,5,14,17
63716,1992,2008,16,8,576,7,200,10,7,1,1,1,1,5,16,17
37610,1992,2008,16,8,355,10,200,10,7,1,1,1,1,5,16,17
90265,1993,2008,15,8,644,18,523,20,6,2,0,1,0,5,14,17
115044,1993,2008,15,8,914,2,523,20,6,2,0,1,0,5,14,17
273451,2007,2008,1,8,1394,15,554,10,2,2,2,2,1,2,9,8
36283,1992,2008,16,8,355,13,200,10,7,1,1,1,1,5,16,17
154867,2005,2008,3,8,914,8,67,0,5,2,0,1,0,4,13,15
90707,1993,2008,15,8,644,8,523,20,6,2,0,1,0,5,14,17
128318,1993,2008,15,8,914,7,523,20,6,2,0,1,0,5,14,17
172566,2006,2008,2,8,903,3,123,11,3,1,1,1,0,1,8,11
348672,2007,2008,1,8,1387,43,0,16,3,1,2,1,2,2,9,10
362831,2007,2008,1,8,1387,35,0,16,3,1,2,1,2,2,9,10
448672,2007,2008,1,8,1643,35,0,16,3,1,2,1,2,2,9,10
75221,1997,2008,11,9,644,7,82,4,7,1,2,1,1,3,13,7
73451,1997,2008,11,9,644,4,82,4,7,1,2,1,1,3,13,7
70796,1997,2008,11,9,558,13,82,4,7,1,2,1,1,3,13,7
180530,2006,2008,2,9,814,6,111,0,2,1,1,1,0,2,6,9
123008,2003,2008,5,9,907,8,82,4,7,1,2,1,1,3,13,7
100000,1986,2008,22,9,910,16,100,2,5,1,2,1,1,2,11,13
247787,2006,2008,2,9,1437,6,249,11,1,1,0,1,0,2,3,7
90707,1993,2008,15,9,644,9,523,20,6,2,0,1,0,5,14,17
182743,2005,2008,3,9,914,13,67,0,5,2,0,1,0,4,13,15
137168,2005,2008,3,9,743,20,67,0,5,2,0,1,0,4,13,15
61504,1992,2008,16,9,576,2,200,10,7,1,1,1,1,5,16,17
215929,2005,2008,3,9,1184,16,67,0,5,2,0,1,0,4,13,15
291415,2007,2008,1,9,1419,26,554,10,2,2,2,2,1,2,9,8
78318,1993,2008,15,9,644,5,523,20,6,2,0,1,0,5,14,17
46017,1992,2008,16,9,355,9,200,10,7,1,1,1,1,5,16,17
112831,1993,2008,15,9,914,2,523,20,6,2,0,1,0,5,14,17
82743,1993,2008,15,9,644,16,523,20,6,2,0,1,0,5,14,17
66371,1992,2008,16,9,576,11,200,10,7,1,1,1,1,5,16,17
77876,1993,2008,15,9,644,1,523,20,6,2,0,1,0,5,14,17
91150,1993,2008,15,9,644,18,523,20,6,2,0,1,0,5,14,17
137168,2005,2008,3,9,743,19,67,0,5,2,0,1,0,4,13,15
168141,2005,2008,3,9,914,20,67,0,5,2,0,1,0,4,13,15
333628,2007,2008,1,9,1387,16,0,16,3,1,2,1,2,2,9,10
348672,2007,2008,1,9,1387,42,0,16,3,1,2,1,2,2,9,10
143362,1986,2008,22,9,914,2,713,27,5,1,1,0,1,1,9,6
389380,2007,2008,1,9,1519,31,0,16,3,1,2,1,2,2,9,10
141592,1986,2008,22,9,914,2,713,27,5,1,1,0,1,1,9,6
346017,2007,2008,1,9,1387,26,0,16,3,1,2,1,2,2,9,10
58407,1997,2008,11,10,430,8,82,4,7,1,2,1,1,3,13,7
55752,1997,2008,11,10,430,5,82,4,7,1,2,1,1,3,13,7
59115,1985,2008,23,10,587,10,80,2,5,1,2,1,1,0,12,4
92920,1986,2008,22,10,910,11,100,2,5,1,2,1,1,2,11,13
230088,2006,2008,2,10,1149,12,249,11,1,1,0,1,0,2,3,7
127433,1993,2008,15,10,914,8,523,20,6,2,0,1,0,5,14,17
176991,1993,2008,15,10,1761,19,523,20,6,2,0,1,0,5,14,17
119469,1993,2008,15,10,914,4,523,20,6,2,0,1,0,5,14,17
60619,1992,2008,16,10,576,13,200,10,7,1,1,1,1,5,16,17
277256,2007,2008,1,10,1366,5,554,10,2,2,2,2,1,2,9,8
291238,2007,2008,1,10,1394,12,554,10,2,2,2,2,1,2,9,8
281592,2007,2008,1,10,1366,9,554,10,2,2,2,2,1,2,9,8
277256,2007,2008,1,10,1366,4,554,10,2,2,2,2,1,2,9,8
282566,2007,2008,1,10,1394,5,554,10,2,2,2,2,1,2,9,8
286902,2007,2008,1,10,1394,9,554,10,2,2,2,2,1,2,9,8
209911,2007,2008,1,10,1103,5,554,10,2,2,2,2,1,2,9,8
286902,2007,2008,1,10,1394,9,554,10,2,2,2,2,1,2,9,8
277876,2007,2008,1,10,1419,11,554,10,2,2,2,2,1,2,9,8
291238,2007,2008,1,10,1394,14,554,10,2,2,2,2,1,2,9,8
277876,2007,2008,1,10,1419,12,554,10,2,2,2,2,1,2,9,8
282566,2007,2008,1,10,1394,3,554,10,2,2,2,2,1,2,9,8
282566,2007,2008,1,10,1394,4,554,10,2,2,2,2,1,2,9,8
220265,2007,2008,1,10,1103,30,554,10,2,2,2,2,1,2,9,8
286902,2007,2008,1,10,1394,8,554,10,2,2,2,2,1,2,9,8
295575,2007,2008,1,10,1394,25,554,10,2,2,2,2,1,2,9,8
291238,2007,2008,1,10,1394,13,554,10,2,2,2,2,1,2,9,8
286902,2007,2008,1,10,1394,7,554,10,2,2,2,2,1,2,9,8
295575,2007,2008,1,10,1394,23,554,10,2,2,2,2,1,2,9,8
282566,2007,2008,1,10,1394,4,554,10,2,2,2,2,1,2,9,8
273362,2007,2008,1,10,1419,7,554,10,2,2,2,2,1,2,9,8
286902,2007,2008,1,10,1394,6,554,10,2,2,2,2,1,2,9,8
277876,2007,2008,1,10,1419,21,554,10,2,2,2,2,1,2,9,8
282566,2007,2008,1,10,1394,5,554,10,2,2,2,2,1,2,9,8
282566,2007,2008,1,10,1394,3,554,10,2,2,2,2,1,2,9,8
282566,2007,2008,1,10,1394,5,554,10,2,2,2,2,1,2,9,8
273362,2007,2008,1,10,1419,6,554,10,2,2,2,2,1,2,9,8
286902,2007,2008,1,10,1394,6,554,10,2,2,2,2,1,2,9,8
277876,2007,2008,1,10,1419,17,554,10,2,2,2,2,1,2,9,8
291238,2007,2008,1,10,1394,12,554,10,2,2,2,2,1,2,9,8
295575,2007,2008,1,10,1394,18,554,10,2,2,2,2,1,2,9,8
295575,2007,2008,1,10,1394,27,554,10,2,2,2,2,1,2,9,8
286902,2007,2008,1,10,1394,9,554,10,2,2,2,2,1,2,9,8
295575,2007,2008,1,10,1394,16,554,10,2,2,2,2,1,2,9,8
295575,2007,2008,1,10,1394,17,554,10,2,2,2,2,1,2,9,8
295575,2007,2008,1,10,1394,21,554,10,2,2,2,2,1,2,9,8
282566,2007,2008,1,10,1394,4,554,10,2,2,2,2,1,2,9,8
291238,2007,2008,1,10,1394,14,554,10,2,2,2,2,1,2,9,8
277876,2007,2008,1,10,1419,21,554,10,2,2,2,2,1,2,9,8
286902,2007,2008,1,10,1394,6,554,10,2,2,2,2,1,2,9,8
286902,2007,2008,1,10,1394,8,554,10,2,2,2,2,1,2,9,8
291238,2007,2008,1,10,1394,14,554,10,2,2,2,2,1,2,9,8
277876,2007,2008,1,10,1419,16,554,10,2,2,2,2,1,2,9,8
38053,1992,2008,16,10,355,13,200,10,7,1,1,1,1,5,16,17
115044,1993,2008,15,10,914,18,523,20,6,2,0,1,0,5,14,17
123893,1986,2008,22,10,1131,2,713,27,5,1,1,0,1,1,9,6
209734,2007,2008,1,10,868,8,0,16,3,1,2,1,2,2,9,10
155752,1986,2008,22,10,1131,7,713,27,5,1,1,0,1,1,9,6
176991,2006,2008,2,10,903,10,123,11,3,1,1,1,0,1,8,11
556637,2007,2008,1,10,1928,31,0,16,3,1,2,1,2,2,9,10
185840,2006,2008,2,11,910,19,111,0,2,1,1,1,0,2,6,9
47787,1986,2008,22,11,508,2,100,2,5,1,2,1,1,2,11,13
91150,1986,2008,22,11,910,13,100,2,5,1,2,1,1,2,11,13
262831,2006,2008,2,11,1412,8,249,11,1,1,0,1,0,2,3,7
84070,1993,2008,15,11,644,7,523,20,6,2,0,1,0,5,14,17
286902,2007,2008,1,11,1394,10,554,10,2,2,2,2,1,2,9,8
115044,1993,2008,15,11,914,4,523,20,6,2,0,1,0,5,14,17
37168,1992,2008,16,11,355,10,200,10,7,1,1,1,1,5,16,17
138053,2005,2008,3,11,743,13,67,0,5,2,0,1,0,4,13,15
123451,2005,2008,3,11,743,21,67,0,5,2,0,1,0,4,13,15
34955,1992,2008,16,11,355,12,200,10,7,1,1,1,1,5,16,17
291238,2007,2008,1,11,1394,12,554,10,2,2,2,2,1,2,9,8
123893,1993,2008,15,11,914,11,523,20,6,2,0,1,0,5,14,17
115044,1993,2008,15,11,914,5,523,20,6,2,0,1,0,5,14,17
75221,1993,2008,15,11,644,9,523,20,6,2,0,1,0,5,14,17
277256,2007,2008,1,11,1366,3,554,10,2,2,2,2,1,2,9,8
200884,2007,2008,1,11,868,14,0,16,3,1,2,1,2,2,9,10
130973,1986,2008,22,11,914,1,713,27,5,1,1,0,1,1,9,6
71681,1997,2008,11,12,644,10,82,4,7,1,2,1,1,3,13,7
74778,1997,2008,11,12,644,13,82,4,7,1,2,1,1,3,13,7
66814,1997,2008,11,12,558,11,82,4,7,1,2,1,1,3,13,7
119469,2006,2008,2,12,636,19,111,0,2,1,1,1,0,2,6,9
188053,2006,2008,2,12,910,8,111,0,2,1,1,1,0,2,6,9
53097,1985,2008,23,12,587,4,80,2,5,1,2,1,1,0,12,4
284955,2006,2008,2,12,1743,6,249,11,1,1,0,1,0,2,3,7
219026,2007,2008,1,12,1419,17,554,10,2,2,2,2,1,2,9,8
88495,1993,2008,15,12,644,11,523,20,6,2,0,1,0,5,14,17
34070,1992,2008,16,12,355,2,200,10,7,1,1,1,1,5,16,17
95575,1993,2008,15,12,644,7,523,20,6,2,0,1,0,5,14,17
215929,2007,2008,1,12,1394,7,554,10,2,2,2,2,1,2,9,8
66371,1992,2008,16,12,640,9,200,10,7,1,1,1,1,5,16,17
150442,2005,2008,3,12,914,23,67,0,5,2,0,1,0,4,13,15
121238,1993,2008,15,12,914,10,523,20,6,2,0,1,0,5,14,17
408849,2007,2008,1,12,1643,2,0,16,3,1,2,1,2,2,9,10
408849,2007,2008,1,12,1643,2,0,16,3,1,2,1,2,2,9,10
527433,2007,2008,1,12,1928,30,0,16,3,1,2,1,2,2,9,10
150442,1986,2008,22,12,1131,8,713,27,5,1,1,0,1,1,9,6
126548,1993,2009,16,1,914,25,523,20,6,2,0,1,0,5,14,17
209734,2007,2009,2,1,1419,11,554,10,2,2,2,2,1,2,9,8
79646,1993,2009,16,1,644,17,523,20,6,2,0,1,0,5,14,17
79646,1993,2009,16,1,644,18,523,20,6,2,0,1,0,5,14,17
90265,1993,2009,16,1,644,11,523,20,6,2,0,1,0,5,14,17
166814,2005,2009,4,1,1184,6,67,0,5,2,0,1,0,4,13,15
84070,1993,2009,16,1,644,12,523,20,6,2,0,1,0,5,14,17
215176,2007,2009,2,1,1394,6,554,10,2,2,2,2,1,2,9,8
79646,1993,2009,16,1,644,15,523,20,6,2,0,1,0,5,14,17
230088,2007,2009,2,1,1103,21,554,10,2,2,2,2,1,2,9,8
221238,1993,2009,16,1,2337,6,523,20,6,2,0,1,0,5,14,17
32743,1992,2009,17,1,355,1,200,10,7,1,1,1,1,5,16,17
154424,2005,2009,4,1,914,18,67,0,5,2,0,1,0,4,13,15
216371,2007,2009,2,1,868,15,0,16,3,1,2,1,2,2,9,10
501769,2007,2009,2,1,1928,2,0,16,3,1,2,1,2,2,9,10
501769,2007,2009,2,1,1928,3,0,16,3,1,2,1,2,2,9,10
194690,2006,2009,3,2,910,10,111,0,2,1,1,1,0,2,6,9
162831,2005,2009,4,2,914,8,67,0,5,2,0,1,0,4,13,15
123893,1993,2009,16,2,914,4,523,20,6,2,0,1,0,5,14,17
168141,1993,2009,16,2,1761,15,523,20,6,2,0,1,0,5,14,17
137168,2005,2009,4,2,914,4,67,0,5,2,0,1,0,4,13,15
167256,2005,2009,4,2,914,13,67,0,5,2,0,1,0,4,13,15
160176,2005,2009,4,2,914,16,67,0,5,2,0,1,0,4,13,15
144247,2005,2009,4,2,914,22,67,0,5,2,0,1,0,4,13,15
70796,1992,2009,17,2,644,2,142,8,5,1,1,1,0,4,9,14
36814,1992,2009,17,2,355,13,200,10,7,1,1,1,1,5,16,17
51327,1992,2009,17,2,576,1,200,10,7,1,1,1,1,5,16,17
163716,2005,2009,4,2,914,13,67,0,5,2,0,1,0,4,13,15
251769,2007,2009,2,2,1419,21,554,10,2,2,2,2,1,2,9,8
203539,2007,2009,2,2,1394,4,554,10,2,2,2,2,1,2,9,8
247787,2007,2009,2,2,1394,13,554,10,2,2,2,2,1,2,9,8
221238,2007,2009,2,2,1394,12,554,10,2,2,2,2,1,2,9,8
135398,2005,2009,4,2,743,7,67,0,5,2,0,1,0,4,13,15
142920,2005,2009,4,2,743,12,67,0,5,2,0,1,0,4,13,15
221238,2007,2009,2,2,1394,14,554,10,2,2,2,2,1,2,9,8
221238,2007,2009,2,2,1394,12,554,10,2,2,2,2,1,2,9,8
35398,1992,2009,17,2,355,2,200,10,7,1,1,1,1,5,16,17
527433,2007,2009,2,2,1928,28,0,16,3,1,2,1,2,2,9,10
159292,2006,2009,3,2,903,9,123,11,3,1,1,1,0,1,8,11
215929,2007,2009,2,2,868,24,0,16,3,1,2,1,2,2,9,10
115044,1978,2009,31,2,903,9,87,4,3,2,1,1,0,2,7,11
115044,1986,2009,23,2,1131,1,713,27,5,1,1,0,1,1,9,6
138053,1986,2009,23,2,914,10,713,27,5,1,1,0,1,1,9,6
101769,1997,2009,12,3,914,4,82,4,7,1,2,1,1,3,13,7
53982,1997,2009,12,3,430,10,82,4,7,1,2,1,1,3,13,7
58407,1997,2009,12,3,644,12,82,4,7,1,2,1,1,3,13,7
64601,1997,2009,12,3,558,13,82,4,7,1,2,1,1,3,13,7
63716,1997,2009,12,3,644,1,82,4,7,1,2,1,1,3,13,7
203707,2009,2009,0,3,910,10,25,5,2,1,0,0,1,1,6,5
207044,2009,2009,0,3,910,8,25,5,2,1,0,0,1,1,6,5
195566,2009,2009,0,3,910,1,25,5,2,1,0,0,1,1,6,5
200522,2009,2009,0,3,914,13,25,5,2,1,0,0,1,1,6,5
200522,2009,2009,0,3,914,12,25,5,2,1,0,0,1,1,6,5
201672,2009,2009,0,3,910,6,25,5,2,1,0,0,1,1,6,5
185840,2006,2009,3,3,910,11,111,0,2,1,1,1,0,2,6,9
150442,2006,2009,3,3,811,1,111,0,2,1,1,1,0,2,6,9
55752,1985,2009,24,3,587,4,80,2,5,1,2,1,1,0,12,4
265486,2006,2009,3,3,1437,29,249,11,1,1,0,1,0,2,3,7
161946,2006,2009,3,3,818,13,249,11,1,1,0,1,0,2,3,7
223893,2007,2009,2,3,1394,8,554,10,2,2,2,2,1,2,9,8
37168,1992,2009,17,3,355,7,200,10,7,1,1,1,1,5,16,17
77876,1993,2009,16,3,644,6,523,20,6,2,0,1,0,5,14,17
53097,1992,2009,17,3,644,1,200,10,7,1,1,1,1,5,16,17
159292,2005,2009,4,3,914,14,67,0,5,2,0,1,0,4,13,15
141592,2005,2009,4,3,743,11,67,0,5,2,0,1,0,4,13,15
138938,2005,2009,4,3,743,15,67,0,5,2,0,1,0,4,13,15
238938,2007,2009,2,3,1366,14,554,10,2,2,2,2,1,2,9,8
209442,2007,2009,2,3,1394,9,554,10,2,2,2,2,1,2,9,8
153097,2005,2009,4,3,914,2,67,0,5,2,0,1,0,4,13,15
75221,1993,2009,16,3,644,9,523,20,6,2,0,1,0,5,14,17
115044,1993,2009,16,3,914,9,523,20,6,2,0,1,0,5,14,17
146017,1993,2009,16,3,1451,6,523,20,6,2,0,1,0,5,14,17
154424,2005,2009,4,3,914,8,67,0,5,2,0,1,0,4,13,15
157522,2008,2009,1,3,829,11,197,14,3,1,1,1,1,2,7,9
110619,1993,2009,16,3,914,7,523,20,6,2,0,1,0,5,14,17
92035,1993,2009,16,3,644,9,523,20,6,2,0,1,0,5,14,17
152212,2005,2009,4,3,914,22,67,0,5,2,0,1,0,4,13,15
225663,2007,2009,2,3,1394,5,554,10,2,2,2,2,1,2,9,8
194690,1993,2009,16,3,1761,5,523,20,6,2,0,1,0,5,14,17
123893,1993,2009,16,3,914,17,523,20,6,2,0,1,0,5,14,17
110619,1993,2009,16,3,914,19,523,20,6,2,0,1,0,5,14,17
123893,2005,2009,4,3,743,4,67,0,5,2,0,1,0,4,13,15
157522,2005,2009,4,3,914,20,67,0,5,2,0,1,0,4,13,15
36283,1992,2009,17,3,355,10,200,10,7,1,1,1,1,5,16,17
128318,1986,2009,23,3,914,6,713,27,5,1,1,0,1,1,9,6
168141,2006,2009,3,3,903,1,123,11,3,1,1,1,0,1,8,11
148672,1986,2009,23,3,1377,1,713,27,5,1,1,0,1,1,9,6
154867,1986,2009,23,3,1131,11,713,27,5,1,1,0,1,1,9,6
191150,2007,2009,2,3,868,11,0,16,3,1,2,1,2,2,9,10
243362,1986,2009,23,3,1796,7,713,27,5,1,1,0,1,1,9,6
230088,1986,2009,23,3,2092,13,713,27,5,1,1,0,1,1,9,6
448672,2007,2009,2,3,1643,42,0,16,3,1,2,1,2,2,9,10
194318,2009,2009,0,4,914,2,25,5,2,1,0,0,1,1,6,5
200318,2009,2009,0,4,910,16,25,5,2,1,0,0,1,1,6,5
209132,2009,2009,0,4,910,13,25,5,2,1,0,0,1,1,6,5
265442,2009,2009,0,4,1160,19,25,5,2,1,0,0,1,1,6,5
203646,2009,2009,0,4,910,16,25,5,2,1,0,0,1,1,6,5
200522,2009,2009,0,4,914,19,25,5,2,1,0,0,1,1,6,5
262920,2009,2009,0,4,1160,7,25,5,2,1,0,0,1,1,6,5
200522,2009,2009,0,4,910,10,25,5,2,1,0,0,1,1,6,5
203646,2009,2009,0,4,910,15,25,5,2,1,0,0,1,1,6,5
203646,2009,2009,0,4,910,12,25,5,2,1,0,0,1,1,6,5
203646,2009,2009,0,4,910,19,25,5,2,1,0,0,1,1,6,5
200522,2009,2009,0,4,914,17,25,5,2,1,0,0,1,1,6,5
177433,2006,2009,3,4,910,4,111,0,2,1,1,1,0,2,6,9
181415,2006,2009,3,4,818,20,249,11,1,1,0,1,0,2,3,7
76991,1993,2009,16,4,644,5,523,20,6,2,0,1,0,5,14,17
88495,1993,2009,16,4,644,3,523,20,6,2,0,1,0,5,14,17
150442,1993,2009,16,4,1451,8,523,20,6,2,0,1,0,5,14,17
213274,2007,2009,2,4,1103,18,554,10,2,2,2,2,1,2,9,8
37168,1992,2009,17,4,355,13,200,10,7,1,1,1,1,5,16,17
67256,1992,2009,17,4,576,14,200,10,7,1,1,1,1,5,16,17
76548,1993,2009,16,4,644,5,523,20,6,2,0,1,0,5,14,17
48672,1992,2009,17,4,576,9,200,10,7,1,1,1,1,5,16,17
212389,2007,2009,2,4,1394,5,554,10,2,2,2,2,1,2,9,8
168141,1993,2009,16,4,1761,16,523,20,6,2,0,1,0,5,14,17
84070,1993,2009,16,4,644,3,523,20,6,2,0,1,0,5,14,17
149557,2005,2009,4,4,914,15,67,0,5,2,0,1,0,4,13,15
194690,2005,2009,4,4,1184,13,67,0,5,2,0,1,0,4,13,15
161946,2005,2009,4,4,914,11,67,0,5,2,0,1,0,4,13,15
84070,1992,2009,17,4,914,3,142,8,5,1,1,1,0,4,9,14
90265,1993,2009,16,4,644,15,523,20,6,2,0,1,0,5,14,17
128318,2005,2009,4,4,743,2,67,0,5,2,0,1,0,4,13,15
164601,2005,2009,4,4,914,21,67,0,5,2,0,1,0,4,13,15
221238,2007,2009,2,4,1394,6,554,10,2,2,2,2,1,2,9,8
229203,2007,2009,2,4,1419,8,554,10,2,2,2,2,1,2,9,8
203539,2005,2009,4,4,1184,21,67,0,5,2,0,1,0,4,13,15
165486,2005,2009,4,4,914,16,67,0,5,2,0,1,0,4,13,15
185840,1993,2009,16,4,2337,11,523,20,6,2,0,1,0,5,14,17
415929,2007,2009,2,4,1643,2,0,16,3,1,2,1,2,2,9,10
141592,1986,2009,23,4,914,7,713,27,5,1,1,0,1,1,9,6
380530,2007,2009,2,4,1519,26,0,16,3,1,2,1,2,2,9,10
448672,2007,2009,2,4,1643,33,0,16,3,1,2,1,2,2,9,10
155752,2006,2009,3,4,903,4,123,11,3,1,1,1,0,1,8,11
152654,2006,2009,3,4,903,2,123,11,3,1,1,1,0,1,8,11
286194,2007,2009,2,4,1643,2,0,16,3,1,2,1,2,2,9,10
153097,2006,2009,3,4,903,7,123,11,3,1,1,1,0,1,8,11
201672,2009,2009,0,5,910,6,25,5,2,1,0,0,1,1,6,5
203646,2009,2009,0,5,910,17,25,5,2,1,0,0,1,1,6,5
265442,2009,2009,0,5,1160,18,25,5,2,1,0,0,1,1,6,5
196389,2009,2009,0,5,914,3,25,5,2,1,0,0,1,1,6,5
200522,2009,2009,0,5,914,16,25,5,2,1,0,0,1,1,6,5
200522,2009,2009,0,5,914,20,25,5,2,1,0,0,1,1,6,5
207044,2009,2009,0,5,910,8,25,5,2,1,0,0,1,1,6,5
61946,1985,2009,24,5,587,9,80,2,5,1,2,1,1,0,12,4
232743,2006,2009,3,5,1149,23,249,11,1,1,0,1,0,2,3,7
265486,2006,2009,3,5,1412,31,249,11,1,1,0,1,0,2,3,7
274336,2006,2009,3,5,1743,8,249,11,1,1,0,1,0,2,3,7
196460,2006,2009,3,5,914,18,249,11,1,1,0,1,0,2,3,7
87610,1993,2009,16,5,644,14,523,20,6,2,0,1,0,5,14,17
221238,2007,2009,2,5,1394,4,554,10,2,2,2,2,1,2,9,8
37610,1992,2009,17,5,355,8,200,10,7,1,1,1,1,5,16,17
161061,2005,2009,4,5,914,14,67,0,5,2,0,1,0,4,13,15
295575,2007,2009,2,5,1394,19,554,10,2,2,2,2,1,2,9,8
34513,1992,2009,17,5,355,4,200,10,7,1,1,1,1,5,16,17
81415,1993,2009,16,5,644,7,523,20,6,2,0,1,0,5,14,17
150442,2005,2009,4,5,914,9,67,0,5,2,0,1,0,4,13,15
135398,2005,2009,4,5,743,7,67,0,5,2,0,1,0,4,13,15
119469,1993,2009,16,5,914,11,523,20,6,2,0,1,0,5,14,17
121681,2005,2009,4,5,743,1,67,0,5,2,0,1,0,4,13,15
147787,2005,2009,4,5,914,3,67,0,5,2,0,1,0,4,13,15
56637,1992,2009,17,5,576,9,200,10,7,1,1,1,1,5,16,17
161061,2005,2009,4,5,914,17,67,0,5,2,0,1,0,4,13,15
141592,2005,2009,4,5,743,10,67,0,5,2,0,1,0,4,13,15
362831,2007,2009,2,5,1519,16,0,16,3,1,2,1,2,2,9,10
144247,1986,2009,23,5,914,7,713,27,5,1,1,0,1,1,9,6
184070,1986,2009,23,5,1377,4,713,27,5,1,1,0,1,1,9,6
203539,2007,2009,2,5,868,22,0,16,3,1,2,1,2,2,9,10
153982,1986,2009,23,5,1131,7,713,27,5,1,1,0,1,1,9,6
161061,1986,2009,23,5,1131,9,713,27,5,1,1,0,1,1,9,6
149557,1986,2009,23,5,1313,10,713,27,5,1,1,0,1,1,9,6
141592,1986,2009,23,5,914,8,713,27,5,1,1,0,1,1,9,6
123893,1978,2009,31,5,903,6,87,4,3,2,1,1,0,2,7,11
159292,1986,2009,23,5,1131,12,713,27,5,1,1,0,1,1,9,6
176991,1986,2009,23,5,1377,5,713,27,5,1,1,0,1,1,9,6
160176,2006,2009,3,5,903,12,123,11,3,1,1,1,0,1,8,11
201672,2009,2009,0,6,910,5,25,5,2,1,0,0,1,1,6,5
203646,2009,2009,0,6,910,13,25,5,2,1,0,0,1,1,6,5
265442,2009,2009,0,6,1160,15,25,5,2,1,0,0,1,1,6,5
198451,2009,2009,0,6,914,9,25,5,2,1,0,0,1,1,6,5
207044,2009,2009,0,6,910,9,25,5,2,1,0,0,1,1,6,5
201672,2009,2009,0,6,910,5,25,5,2,1,0,0,1,1,6,5
203646,2009,2009,0,6,910,11,25,5,2,1,0,0,1,1,6,5
200522,2009,2009,0,6,914,10,25,5,2,1,0,0,1,1,6,5
198451,2009,2009,0,6,914,7,25,5,2,1,0,0,1,1,6,5
203646,2009,2009,0,6,910,15,25,5,2,1,0,0,1,1,6,5
200318,2009,2009,0,6,910,14,25,5,2,1,0,0,1,1,6,5
198451,2009,2009,0,6,914,6,25,5,2,1,0,0,1,1,6,5
198256,2009,2009,0,6,910,9,25,5,2,1,0,0,1,1,6,5
198256,2009,2009,0,6,910,8,25,5,2,1,0,0,1,1,6,5
203646,2009,2009,0,6,910,10,25,5,2,1,0,0,1,1,6,5
200318,2009,2009,0,6,910,12,25,5,2,1,0,0,1,1,6,5
192920,2006,2009,3,6,910,6,111,0,2,1,1,1,0,2,6,9
119469,2006,2009,3,6,636,1,111,0,2,1,1,1,0,2,6,9
57522,1985,2009,24,6,587,7,80,2,5,1,2,1,1,0,12,4
199115,2006,2009,3,6,914,17,249,11,1,1,0,1,0,2,3,7
150442,2006,2009,3,6,818,7,249,11,1,1,0,1,0,2,3,7
184955,2006,2009,3,6,914,2,249,11,1,1,0,1,0,2,3,7
137168,2005,2009,4,6,914,21,67,0,5,2,0,1,0,4,13,15
154867,2005,2009,4,6,914,16,67,0,5,2,0,1,0,4,13,15
233628,2007,2009,2,6,1419,5,554,10,2,2,2,2,1,2,9,8
90707,1993,2009,16,6,644,9,523,20,6,2,0,1,0,5,14,17
139823,2005,2009,4,6,743,22,67,0,5,2,0,1,0,4,13,15
265486,2007,2009,2,6,1448,31,554,10,2,2,2,2,1,2,9,8
176991,1993,2009,16,6,1761,11,523,20,6,2,0,1,0,5,14,17
57522,1992,2009,17,6,576,8,200,10,7,1,1,1,1,5,16,17
78318,1992,2009,17,6,644,16,142,8,5,1,1,1,0,4,9,14
37168,1992,2009,17,6,355,11,200,10,7,1,1,1,1,5,16,17
79646,1993,2009,16,6,644,5,523,20,6,2,0,1,0,5,14,17
115044,1993,2009,16,6,914,2,523,20,6,2,0,1,0,5,14,17
214159,2008,2009,1,6,1167,19,197,14,3,1,1,1,1,2,7,9
164601,2005,2009,4,6,914,12,67,0,5,2,0,1,0,4,13,15
135840,2005,2009,4,6,743,4,67,0,5,2,0,1,0,4,13,15
79646,1992,2009,17,6,644,9,142,8,5,1,1,1,0,4,9,14
161504,2008,2009,1,6,829,4,197,14,3,1,1,1,1,2,7,9
172566,2005,2009,4,6,1184,17,67,0,5,2,0,1,0,4,13,15
346017,2007,2009,2,6,1387,26,0,16,3,1,2,1,2,2,9,10
208849,2007,2009,2,6,868,25,0,16,3,1,2,1,2,2,9,10
416814,2007,2009,2,6,1643,14,0,16,3,1,2,1,2,2,9,10
206194,2007,2009,2,6,868,7,0,16,3,1,2,1,2,2,9,10
527433,2007,2009,2,6,1928,21,0,16,3,1,2,1,2,2,9,10
141592,1986,2009,23,6,914,2,713,27,5,1,1,0,1,1,9,6
194690,2007,2009,2,6,868,5,0,16,3,1,2,1,2,2,9,10
362831,2007,2009,2,6,1387,43,0,16,3,1,2,1,2,2,9,10
306194,2007,2009,2,6,1387,26,0,16,3,1,2,1,2,2,9,10
223008,2007,2009,2,6,868,20,0,16,3,1,2,1,2,2,9,10
283185,2007,2009,2,6,1387,15,0,16,3,1,2,1,2,2,9,10
380530,2007,2009,2,6,1519,28,0,16,3,1,2,1,2,2,9,10
442477,2007,2009,2,6,1928,30,0,16,3,1,2,1,2,2,9,10
348672,2007,2009,2,6,1387,43,0,16,3,1,2,1,2,2,9,10
207044,2009,2009,0,7,910,5,25,5,2,1,0,0,1,1,6,5
199637,2009,2009,0,7,910,3,25,5,2,1,0,0,1,1,6,5
200522,2009,2009,0,7,914,19,25,5,2,1,0,0,1,1,6,5
197601,2009,2009,0,7,910,2,25,5,2,1,0,0,1,1,6,5
265442,2009,2009,0,7,1160,19,25,5,2,1,0,0,1,1,6,5
175221,2009,2009,0,7,910,3,25,5,2,1,0,0,1,1,6,5
207044,2009,2009,0,7,910,6,25,5,2,1,0,0,1,1,6,5
200318,2009,2009,0,7,910,10,25,5,2,1,0,0,1,1,6,5
203646,2009,2009,0,7,910,14,25,5,2,1,0,0,1,1,6,5
199637,2009,2009,0,7,910,4,25,5,2,1,0,0,1,1,6,5
265442,2009,2009,0,7,1160,13,25,5,2,1,0,0,1,1,6,5
265442,2009,2009,0,7,1160,17,25,5,2,1,0,0,1,1,6,5
203646,2009,2009,0,7,910,13,25,5,2,1,0,0,1,1,6,5
207044,2009,2009,0,7,910,6,25,5,2,1,0,0,1,1,6,5
197601,2009,2009,0,7,910,2,25,5,2,1,0,0,1,1,6,5
201566,2009,2009,0,7,910,9,25,5,2,1,0,0,1,1,6,5
265442,2009,2009,0,7,1160,14,25,5,2,1,0,0,1,1,6,5
262929,2009,2009,0,7,1160,7,25,5,2,1,0,0,1,1,6,5
203646,2009,2009,0,7,910,11,25,5,2,1,0,0,1,1,6,5
265442,2009,2009,0,7,1160,12,25,5,2,1,0,0,1,1,6,5
265442,2009,2009,0,7,1160,14,25,5,2,1,0,0,1,1,6,5
207044,2009,2009,0,7,910,7,25,5,2,1,0,0,1,1,6,5
201566,2009,2009,0,7,910,8,25,5,2,1,0,0,1,1,6,5
198451,2009,2009,0,7,914,5,25,5,2,1,0,0,1,1,6,5
201566,2009,2009,0,7,910,6,25,5,2,1,0,0,1,1,6,5
203646,2009,2009,0,7,910,10,25,5,2,1,0,0,1,1,6,5
196185,2009,2009,0,7,910,4,25,5,2,1,0,0,1,1,6,5
201566,2009,2009,0,7,910,7,25,5,2,1,0,0,1,1,6,5
201566,2009,2009,0,7,910,7,25,5,2,1,0,0,1,1,6,5
262929,2009,2009,0,7,1160,9,25,5,2,1,0,0,1,1,6,5
191938,2009,2009,0,7,1160,6,25,5,2,1,0,0,1,1,6,5
191938,2009,2009,0,7,1160,5,25,5,2,1,0,0,1,1,6,5
191938,2009,2009,0,7,1160,6,25,5,2,1,0,0,1,1,6,5
193769,2009,2009,0,7,1160,20,25,5,2,1,0,0,1,1,6,5
193769,2009,2009,0,7,1160,10,25,5,2,1,0,0,1,1,6,5
143212,2009,2009,0,7,910,3,25,5,2,1,0,0,1,1,6,5
190106,2009,2009,0,7,1160,3,25,5,2,1,0,0,1,1,6,5
190106,2009,2009,0,7,1160,4,25,5,2,1,0,0,1,1,6,5
193769,2009,2009,0,7,1160,11,25,5,2,1,0,0,1,1,6,5
190106,2009,2009,0,7,1160,3,25,5,2,1,0,0,1,1,6,5
145628,2009,2009,0,7,910,3,25,5,2,1,0,0,1,1,6,5
190106,2009,2009,0,7,1160,4,25,5,2,1,0,0,1,1,6,5
191938,2009,2009,0,7,1160,5,25,5,2,1,0,0,1,1,6,5
142592,2009,2009,0,7,910,1,25,5,2,1,0,0,1,1,6,5
193769,2009,2009,0,7,1160,11,25,5,2,1,0,0,1,1,6,5
188265,2009,2009,0,7,1160,2,25,5,2,1,0,0,1,1,6,5
148707,2009,2009,0,7,910,20,25,5,2,1,0,0,1,1,6,5
149619,2009,2009,0,7,910,4,25,5,2,1,0,0,1,1,6,5
144115,2009,2009,0,7,910,2,25,5,2,1,0,0,1,1,6,5
191938,2009,2009,0,7,1160,8,25,5,2,1,0,0,1,1,6,5
149619,2009,2009,0,7,910,4,25,5,2,1,0,0,1,1,6,5
147141,2009,2009,0,7,910,5,25,5,2,1,0,0,1,1,6,5
188265,2009,2009,0,7,1160,2,25,5,2,1,0,0,1,1,6,5
149619,2009,2009,0,7,910,3,25,5,2,1,0,0,1,1,6,5
193769,2009,2009,0,7,1160,20,25,5,2,1,0,0,1,1,6,5
191938,2009,2009,0,7,1160,8,25,5,2,1,0,0,1,1,6,5
191938,2009,2009,0,7,1160,9,25,5,2,1,0,0,1,1,6,5
201566,2009,2009,0,7,910,6,25,5,2,1,0,0,1,1,6,5
207964,2009,2009,0,7,1160,11,25,5,2,1,0,0,1,1,6,5
265442,2009,2009,0,7,1160,12,25,5,2,1,0,0,1,1,6,5
175681,2009,2009,0,7,910,3,25,5,2,1,0,0,1,1,6,5
212389,2009,2009,0,7,1160,11,25,5,2,1,0,0,1,1,6,5
115044,2006,2009,3,7,636,7,111,0,2,1,1,1,0,2,6,9
55752,1985,2009,24,7,587,4,80,2,5,1,2,1,1,0,12,4
55752,1986,2009,23,7,547,2,100,2,5,1,2,1,1,2,11,13
168141,2006,2009,3,7,914,17,249,11,1,1,0,1,0,2,3,7
176991,2006,2009,3,7,818,12,249,11,1,1,0,1,0,2,3,7
166371,2008,2009,1,7,914,14,197,14,3,1,1,1,1,2,7,9
119469,2005,2009,4,7,743,8,67,0,5,2,0,1,0,4,13,15
137168,1992,2009,17,7,1448,14,142,8,5,1,1,1,0,4,9,14
112389,1993,2009,16,7,914,4,523,20,6,2,0,1,0,5,14,17
116814,1993,2009,16,7,914,5,523,20,6,2,0,1,0,5,14,17
260176,2007,2009,2,7,1366,16,554,10,2,2,2,2,1,2,9,8
165486,2008,2009,1,7,829,13,197,14,3,1,1,1,1,2,7,9
78761,1993,2009,16,7,644,3,523,20,6,2,0,1,0,5,14,17
118584,1993,2009,16,7,914,19,523,20,6,2,0,1,0,5,14,17
165486,2007,2009,2,7,914,8,554,10,2,2,2,2,1,2,9,8
110619,1993,2009,16,7,914,3,523,20,6,2,0,1,0,5,14,17
176991,2008,2009,1,7,914,13,197,14,3,1,1,1,1,2,7,9
134513,1993,2009,16,7,914,13,523,20,6,2,0,1,0,5,14,17
146017,2005,2009,4,7,914,18,67,0,5,2,0,1,0,4,13,15
221238,2007,2009,2,7,1366,4,554,10,2,2,2,2,1,2,9,8
149557,1986,2009,23,7,1131,7,713,27,5,1,1,0,1,1,9,6
207964,2007,2009,2,7,868,22,0,16,3,1,2,1,2,2,9,10
141592,1986,2009,23,7,1377,2,713,27,5,1,1,0,1,1,9,6
144690,1986,2009,23,7,914,5,713,27,5,1,1,0,1,1,9,6
176991,1986,2009,23,7,1377,4,713,27,5,1,1,0,1,1,9,6
163716,2009,2009,0,8,910,4,25,5,2,1,0,0,1,1,6,5
163716,2009,2009,0,8,910,3,25,5,2,1,0,0,1,1,6,5
163716,2009,2009,0,8,910,7,25,5,2,1,0,0,1,1,6,5
156637,2009,2009,0,8,910,3,25,5,2,1,0,0,1,1,6,5
161238,2009,2009,0,8,910,5,25,5,2,1,0,0,1,1,6,5
153097,2009,2009,0,8,910,2,25,5,2,1,0,0,1,1,6,5
163716,2009,2009,0,8,910,4,25,5,2,1,0,0,1,1,6,5
155309,2009,2009,0,8,910,3,25,5,2,1,0,0,1,1,6,5
212389,2009,2009,0,8,1160,10,25,5,2,1,0,0,1,1,6,5
159557,2009,2009,0,8,910,3,25,5,2,1,0,0,1,1,6,5
209734,2009,2009,0,8,1160,20,25,5,2,1,0,0,1,1,6,5
210619,2009,2009,0,8,1160,20,25,5,2,1,0,0,1,1,6,5
157876,2009,2009,0,8,910,2,25,5,2,1,0,0,1,1,6,5
207964,2009,2009,0,8,1160,8,25,5,2,1,0,0,1,1,6,5
156194,2009,2009,0,8,910,1,25,5,2,1,0,0,1,1,6,5
210265,2009,2009,0,8,1160,9,25,5,2,1,0,0,1,1,6,5
203646,2009,2009,0,8,910,18,25,5,2,1,0,0,1,1,6,5
123008,2003,2009,6,8,907,8,82,4,7,1,2,1,1,3,13,7
173451,2006,2009,3,8,811,17,111,0,2,1,1,1,0,2,6,9
168141,2006,2009,3,8,914,1,249,11,1,1,0,1,0,2,3,7
261061,2006,2009,3,8,1412,19,249,11,1,1,0,1,0,2,3,7
256637,2007,2009,2,8,1366,13,554,10,2,2,2,2,1,2,9,8
254867,2007,2009,2,8,1366,15,554,10,2,2,2,2,1,2,9,8
168761,2005,2009,4,8,914,19,67,0,5,2,0,1,0,4,13,15
83628,1993,2009,16,8,644,4,523,20,6,2,0,1,0,5,14,17
161946,2008,2009,1,8,829,6,197,14,3,1,1,1,1,2,7,9
83628,1993,2009,16,8,644,16,523,20,6,2,0,1,0,5,14,17
75221,1993,2009,16,8,644,16,523,20,6,2,0,1,0,5,14,17
121238,1993,2009,16,8,914,20,523,20,6,2,0,1,0,5,14,17
65486,1992,2009,17,8,644,6,200,10,7,1,1,1,1,5,16,17
194690,2005,2009,4,8,1184,13,67,0,5,2,0,1,0,4,13,15
93362,1993,2009,16,8,644,13,523,20,6,2,0,1,0,5,14,17
107079,1992,2009,17,8,914,12,142,8,5,1,1,1,0,4,9,14
57522,1992,2009,17,8,576,15,200,10,7,1,1,1,1,5,16,17
169911,2005,2009,4,8,914,11,67,0,5,2,0,1,0,4,13,15
160176,2005,2009,4,8,914,4,67,0,5,2,0,1,0,4,13,15
166371,2005,2009,4,8,914,19,67,0,5,2,0,1,0,4,13,15
159292,2005,2009,4,8,914,16,67,0,5,2,0,1,0,4,13,15
86725,1993,2009,16,8,644,12,523,20,6,2,0,1,0,5,14,17
122123,2005,2009,4,8,743,1,67,0,5,2,0,1,0,4,13,15
36283,1992,2009,17,8,355,8,200,10,7,1,1,1,1,5,16,17
192920,2007,2009,2,8,914,28,554,10,2,2,2,2,1,2,9,8
64159,1992,2009,17,8,576,3,200,10,7,1,1,1,1,5,16,17
169911,1993,2009,16,8,1451,15,523,20,6,2,0,1,0,5,14,17
75221,1993,2009,16,8,644,1,523,20,6,2,0,1,0,5,14,17
140265,2005,2009,4,8,743,12,67,0,5,2,0,1,0,4,13,15
169026,2008,2009,1,8,914,19,197,14,3,1,1,1,1,2,7,9
163716,2005,2009,4,8,914,17,67,0,5,2,0,1,0,4,13,15
172566,2005,2009,4,8,914,23,67,0,5,2,0,1,0,4,13,15
132743,1993,2009,16,8,1451,15,523,20,6,2,0,1,0,5,14,17
123893,1993,2009,16,8,914,19,523,20,6,2,0,1,0,5,14,17
238938,2007,2009,2,8,868,22,0,16,3,1,2,1,2,2,9,10
286725,2007,2009,2,8,1387,11,0,16,3,1,2,1,2,2,9,10
209734,2007,2009,2,8,868,9,0,16,3,1,2,1,2,2,9,10
380530,2007,2009,2,8,1519,20,0,16,3,1,2,1,2,2,9,10
207964,2007,2009,2,8,868,16,0,16,3,1,2,1,2,2,9,10
318584,2007,2009,2,8,1387,22,0,16,3,1,2,1,2,2,9,10
206194,2007,2009,2,8,868,23,0,16,3,1,2,1,2,2,9,10
210265,2009,2009,0,9,1160,6,25,5,2,1,0,0,1,1,6,5
208849,2009,2009,0,9,1160,8,25,5,2,1,0,0,1,1,6,5
208849,2009,2009,0,9,1160,5,25,5,2,1,0,0,1,1,6,5
207522,2009,2009,0,9,1160,5,25,5,2,1,0,0,1,1,6,5
57964,1985,2009,24,9,587,6,80,2,5,1,2,1,1,0,12,4
55752,1985,2009,24,9,587,9,80,2,5,1,2,1,1,0,12,4
261061,2006,2009,3,9,1437,29,249,11,1,1,0,1,0,2,3,7
234513,2006,2009,3,9,1437,3,249,11,1,1,0,1,0,2,3,7
181415,2006,2009,3,9,818,19,249,11,1,1,0,1,0,2,3,7
260176,2006,2009,3,9,1437,16,249,11,1,1,0,1,0,2,3,7
123893,1993,2009,16,9,914,23,523,20,6,2,0,1,0,5,14,17
199115,2007,2009,2,9,1103,22,554,10,2,2,2,2,1,2,9,8
91150,1993,2009,16,9,644,8,523,20,6,2,0,1,0,5,14,17
125663,2005,2009,4,9,743,8,67,0,5,2,0,1,0,4,13,15
145486,2005,2009,4,9,743,20,67,0,5,2,0,1,0,4,13,15
163716,1993,2009,16,9,1451,19,523,20,6,2,0,1,0,5,14,17
147787,2005,2009,4,9,743,19,67,0,5,2,0,1,0,4,13,15
165486,2008,2009,1,9,829,13,197,14,3,1,1,1,1,2,7,9
131858,1993,2009,16,9,914,21,523,20,6,2,0,1,0,5,14,17
123008,1993,2009,16,9,914,12,523,20,6,2,0,1,0,5,14,17
236725,2007,2009,2,9,1419,6,554,10,2,2,2,2,1,2,9,8
155752,2005,2009,4,9,914,22,67,0,5,2,0,1,0,4,13,15
58407,1992,2009,17,9,576,14,200,10,7,1,1,1,1,5,16,17
91592,1993,2009,16,9,644,10,523,20,6,2,0,1,0,5,14,17
181415,1993,2009,16,9,1288,19,523,20,6,2,0,1,0,5,14,17
124778,1993,2009,16,9,914,15,523,20,6,2,0,1,0,5,14,17
176991,1993,2009,16,9,1451,25,523,20,6,2,0,1,0,5,14,17
63716,1992,2009,17,9,640,4,200,10,7,1,1,1,1,5,16,17
220796,2007,2009,2,9,1103,30,554,10,2,2,2,2,1,2,9,8
106194,1992,2009,17,9,914,6,142,8,5,1,1,1,0,4,9,14
122123,1993,2009,16,9,914,9,523,20,6,2,0,1,0,5,14,17
60176,1992,2009,17,9,576,11,200,10,7,1,1,1,1,5,16,17
219469,1993,2009,16,9,2337,6,523,20,6,2,0,1,0,5,14,17
77876,1993,2009,16,9,644,2,523,20,6,2,0,1,0,5,14,17
83185,1993,2009,16,9,644,6,523,20,6,2,0,1,0,5,14,17
227433,2007,2009,2,9,1103,22,554,10,2,2,2,2,1,2,9,8
90265,1993,2009,16,9,644,15,523,20,6,2,0,1,0,5,14,17
64601,1992,2009,17,9,640,8,200,10,7,1,1,1,1,5,16,17
92035,1993,2009,16,9,644,3,523,20,6,2,0,1,0,5,14,17
128318,1993,2009,16,9,914,11,523,20,6,2,0,1,0,5,14,17
162831,1986,2009,23,9,1131,8,713,27,5,1,1,0,1,1,9,6
187610,2006,2009,3,9,903,15,123,11,3,1,1,1,0,1,8,11
190265,1986,2009,23,9,1377,3,713,27,5,1,1,0,1,1,9,6
128318,1978,2009,31,9,903,11,87,4,3,2,1,1,0,2,7,11
428318,2007,2009,2,9,1643,27,0,16,3,1,2,1,2,2,9,10
209734,1986,2009,23,9,1377,10,713,27,5,1,1,0,1,1,9,6
203539,2007,2009,2,9,868,11,0,16,3,1,2,1,2,2,9,10
428318,2007,2009,2,9,1643,26,0,16,3,1,2,1,2,2,9,10
318584,2007,2009,2,9,1387,10,0,16,3,1,2,1,2,2,9,10
141592,2009,2009,0,10,910,12,25,5,2,1,0,0,1,1,6,5
161061,2009,2009,0,10,910,10,25,5,2,1,0,0,1,1,6,5
207964,2009,2009,0,10,1160,4,25,5,2,1,0,0,1,1,6,5
394690,2007,2009,2,10,1444,25,7,5,4,1,2,1,1,1,9,5
317699,2007,2009,2,10,1273,15,7,5,4,1,2,1,1,1,9,5
347787,2007,2009,2,10,1334,14,7,5,4,1,2,1,1,1,9,5
327433,2007,2009,2,10,1273,25,7,5,4,1,2,1,1,1,9,5
151327,2006,2009,3,10,818,4,249,11,1,1,0,1,0,2,3,7
39380,1992,2009,17,10,355,8,200,10,7,1,1,1,1,5,16,17
79646,1993,2009,16,10,644,10,523,20,6,2,0,1,0,5,14,17
181415,1993,2009,16,10,1288,9,523,20,6,2,0,1,0,5,14,17
174336,1993,2009,16,10,1451,13,523,20,6,2,0,1,0,5,14,17
63716,1992,2009,17,10,644,11,200,10,7,1,1,1,1,5,16,17
176991,2008,2009,1,10,914,3,197,14,3,1,1,1,1,2,7,9
61946,1992,2009,17,10,640,11,200,10,7,1,1,1,1,5,16,17
38053,1992,2009,17,10,355,15,200,10,7,1,1,1,1,5,16,17
82300,1993,2009,16,10,644,18,523,20,6,2,0,1,0,5,14,17
131415,1993,2009,16,10,914,15,523,20,6,2,0,1,0,5,14,17
212389,2005,2009,4,10,1184,14,67,0,5,2,0,1,0,4,13,15
63716,1992,2009,17,10,576,8,200,10,7,1,1,1,1,5,16,17
168141,2005,2009,4,10,914,12,67,0,5,2,0,1,0,4,13,15
123893,1993,2009,16,10,914,11,523,20,6,2,0,1,0,5,14,17
95575,1993,2009,16,10,644,19,523,20,6,2,0,1,0,5,14,17
62831,1992,2009,17,10,576,14,200,10,7,1,1,1,1,5,16,17
66371,1992,2009,17,10,640,15,200,10,7,1,1,1,1,5,16,17
35840,1992,2009,17,10,355,11,200,10,7,1,1,1,1,5,16,17
193362,2007,2009,2,10,914,29,554,10,2,2,2,2,1,2,9,8
164601,2008,2009,1,10,829,9,197,14,3,1,1,1,1,2,7,9
124778,2005,2009,4,10,743,2,67,0,5,2,0,1,0,4,13,15
232743,2007,2009,2,10,868,18,0,16,3,1,2,1,2,2,9,10
215486,2007,2009,2,10,868,25,0,16,3,1,2,1,2,2,9,10
103539,1978,2009,31,10,903,3,87,4,3,2,1,1,0,2,7,11
237610,2007,2009,2,10,868,21,0,16,3,1,2,1,2,2,9,10
242300,2006,2009,3,10,1192,15,123,11,3,1,1,1,0,1,8,11
172566,1986,2009,23,10,1131,8,713,27,5,1,1,0,1,1,9,6
146902,1986,2009,23,10,914,7,713,27,5,1,1,0,1,1,9,6
346017,2007,2009,2,10,1387,20,0,16,3,1,2,1,2,2,9,10
398230,2007,2009,2,10,1519,22,0,16,3,1,2,1,2,2,9,10
202654,2007,2009,2,10,868,18,0,16,3,1,2,1,2,2,9,10
78761,1997,2009,12,11,644,9,82,4,7,1,2,1,1,3,13,7
83185,1997,2009,12,11,644,13,82,4,7,1,2,1,1,3,13,7
68141,1997,2009,12,11,558,9,82,4,7,1,2,1,1,3,13,7
92920,1980,2009,29,11,1060,2,90,20,7,1,0,1,0,5,14,17
153097,2009,2009,0,11,910,1,25,5,2,1,0,0,1,1,6,5
176991,2006,2009,3,11,910,2,111,0,2,1,1,1,0,2,6,9
164601,2006,2009,3,11,811,14,111,0,2,1,1,1,0,2,6,9
337168,2007,2009,2,11,1273,26,7,5,4,1,2,1,1,1,9,5
360176,2007,2009,2,11,1444,5,7,5,4,1,2,1,1,1,9,5
326548,2007,2009,2,11,1334,5,7,5,4,1,2,1,1,1,9,5
383185,2007,2009,2,11,1483,19,7,5,4,1,2,1,1,1,9,5
181858,2006,2009,3,11,818,8,249,11,1,1,0,1,0,2,3,7
176991,2006,2009,3,11,818,6,249,11,1,1,0,1,0,2,3,7
197345,2006,2009,3,11,914,10,249,11,1,1,0,1,0,2,3,7
201327,1993,2009,16,11,2337,8,523,20,6,2,0,1,0,5,14,17
78761,1993,2009,16,11,644,8,523,20,6,2,0,1,0,5,14,17
107522,1992,2009,17,11,914,12,142,8,5,1,1,1,0,4,9,14
173893,2005,2009,4,11,914,20,67,0,5,2,0,1,0,4,13,15
83185,1993,2009,16,11,644,20,523,20,6,2,0,1,0,5,14,17
172566,2008,2009,1,11,914,10,197,14,3,1,1,1,1,2,7,9
36283,1992,2009,17,11,355,4,200,10,7,1,1,1,1,5,16,17
96460,1993,2009,16,11,644,17,523,20,6,2,0,1,0,5,14,17
53097,1992,2009,17,11,576,1,200,10,7,1,1,1,1,5,16,17
194690,2007,2009,2,11,868,8,0,16,3,1,2,1,2,2,9,10
428318,2007,2009,2,11,1643,22,0,16,3,1,2,1,2,2,9,10
323008,2007,2009,2,11,1387,21,0,16,3,1,2,1,2,2,9,10
300000,2007,2009,2,11,1387,13,0,16,3,1,2,1,2,2,9,10
141592,2006,2009,3,11,857,4,123,11,3,1,1,1,0,1,8,11
192035,2007,2009,2,11,868,10,0,16,3,1,2,1,2,2,9,10
76991,1997,2009,12,12,644,8,82,4,7,1,2,1,1,3,13,7
75221,1997,2009,12,12,644,14,82,4,7,1,2,1,1,3,13,7
209734,2009,2009,0,12,1160,6,25,5,2,1,0,0,1,1,6,5
207079,2009,2009,0,12,1160,4,25,5,2,1,0,0,1,1,6,5
197345,2006,2009,3,12,910,13,111,0,2,1,1,1,0,2,6,9
337168,2007,2009,2,12,1334,9,7,5,4,1,2,1,1,1,9,5
462831,2007,2009,2,12,1690,25,7,5,4,1,2,1,1,1,9,5
476106,2007,2009,2,12,1690,26,7,5,4,1,2,1,1,1,9,5
435398,2007,2009,2,12,1690,8,7,5,4,1,2,1,1,1,9,5
317699,2007,2009,2,12,1273,10,7,5,4,1,2,1,1,1,9,5
317699,2007,2009,2,12,1273,12,7,5,4,1,2,1,1,1,9,5
196460,2006,2009,3,12,914,14,249,11,1,1,0,1,0,2,3,7
79646,1993,2009,16,12,644,8,523,20,6,2,0,1,0,5,14,17
143362,2005,2009,4,12,743,12,67,0,5,2,0,1,0,4,13,15
106194,1993,2009,16,12,914,1,523,20,6,2,0,1,0,5,14,17
212389,2007,2009,2,12,1394,6,554,10,2,2,2,2,1,2,9,8
170796,2008,2009,1,12,914,10,197,14,3,1,1,1,1,2,7,9
57079,1992,2009,17,12,576,11,200,10,7,1,1,1,1,5,16,17
141592,2005,2009,4,12,743,6,67,0,5,2,0,1,0,4,13,15
191150,1993,2009,16,12,1451,20,523,20,6,2,0,1,0,5,14,17
150442,1993,2009,16,12,914,16,523,20,6,2,0,1,0,5,14,17
216814,2008,2009,1,12,1167,5,197,14,3,1,1,1,1,2,7,9
91592,1993,2009,16,12,644,16,523,20,6,2,0,1,0,5,14,17
61946,1992,2009,17,12,576,11,200,10,7,1,1,1,1,5,16,17
97345,1993,2009,16,12,644,11,523,20,6,2,0,1,0,5,14,17
123893,1993,2009,16,12,914,12,523,20,6,2,0,1,0,5,14,17
128318,2005,2009,4,12,743,21,67,0,5,2,0,1,0,4,13,15
165929,1993,2009,16,12,1451,4,523,20,6,2,0,1,0,5,14,17
38053,1992,2009,17,12,355,10,200,10,7,1,1,1,1,5,16,17
168141,1993,2009,16,12,1761,20,523,20,6,2,0,1,0,5,14,17
173451,2008,2009,1,12,914,11,197,14,3,1,1,1,1,2,7,9
168584,2005,2009,4,12,914,22,67,0,5,2,0,1,0,4,13,15
61946,1992,2009,17,12,576,11,200,10,7,1,1,1,1,5,16,17
115044,1993,2009,16,12,914,4,523,20,6,2,0,1,0,5,14,17
398230,2007,2009,2,12,1519,24,0,16,3,1,2,1,2,2,9,10
176991,2006,2009,3,12,903,9,123,11,3,1,1,1,0,1,8,11
163716,1986,2009,23,12,1377,1,713,27,5,1,1,0,1,1,9,6
180973,2006,2009,3,12,903,13,123,11,3,1,1,1,0,1,8,11
398230,2007,2009,2,12,1643,33,0,16,3,1,2,1,2,2,9,10
318584,2007,2009,2,12,1387,11,0,16,3,1,2,1,2,2,9,10
167256,2009,2010,1,1,910,10,25,5,2,1,0,0,1,1,6,5
203539,2009,2010,1,1,1160,3,25,5,2,1,0,0,1,1,6,5
175221,2009,2010,1,1,910,18,25,5,2,1,0,0,1,1,6,5
66371,1985,2010,25,1,587,6,80,2,5,1,2,1,1,0,12,4
357522,2007,2010,3,1,1334,24,7,5,4,1,2,1,1,1,9,5
448672,2007,2010,3,1,1690,18,7,5,4,1,2,1,1,1,9,5
53982,1986,2010,24,1,508,12,100,2,5,1,2,1,1,2,11,13
261946,2006,2010,4,1,1437,31,249,11,1,1,0,1,0,2,3,7
145132,2005,2010,5,1,743,11,67,0,5,2,0,1,0,4,13,15
55752,1992,2010,18,1,576,5,200,10,7,1,1,1,1,5,16,17
94690,1993,2010,17,1,644,7,523,20,6,2,0,1,0,5,14,17
92035,1993,2010,17,1,644,10,523,20,6,2,0,1,0,5,14,17
106194,1993,2010,17,1,914,3,523,20,6,2,0,1,0,5,14,17
137168,2005,2010,5,1,743,8,67,0,5,2,0,1,0,4,13,15
170353,1993,2010,17,1,1451,7,523,20,6,2,0,1,0,5,14,17
245132,2007,2010,3,1,1394,14,554,10,2,2,2,2,1,2,9,8
96460,1993,2010,17,1,644,13,523,20,6,2,0,1,0,5,14,17
38938,1992,2010,18,1,355,10,200,10,7,1,1,1,1,5,16,17
34513,1992,2010,18,1,355,2,200,10,7,1,1,1,1,5,16,17
159292,2008,2010,2,1,829,4,197,14,3,1,1,1,1,2,7,9
61061,1992,2010,18,1,640,1,200,10,7,1,1,1,1,5,16,17
68141,1992,2010,18,1,640,10,200,10,7,1,1,1,1,5,16,17
127876,1993,2010,17,1,914,21,523,20,6,2,0,1,0,5,14,17
148230,2005,2010,5,1,743,16,67,0,5,2,0,1,0,4,13,15
142477,2005,2010,5,1,743,9,67,0,5,2,0,1,0,4,13,15
86725,1993,2010,17,1,644,8,523,20,6,2,0,1,0,5,14,17
38938,1992,2010,18,1,355,11,200,10,7,1,1,1,1,5,16,17
135398,1993,2010,17,1,914,14,523,20,6,2,0,1,0,5,14,17
133628,1986,2010,24,1,914,6,713,27,5,1,1,0,1,1,9,6
152212,1986,2010,24,1,1313,11,713,27,5,1,1,0,1,1,9,6
433628,2007,2010,3,1,1643,43,0,16,3,1,2,1,2,2,9,10
129203,1986,2010,24,1,914,2,713,27,5,1,1,0,1,1,9,6
154690,2006,2010,4,1,857,4,123,11,3,1,1,1,0,1,8,11
215044,2007,2010,3,1,868,14,0,16,3,1,2,1,2,2,9,10
64601,1997,2010,13,2,558,4,82,4,7,1,2,1,1,3,13,7
78318,1997,2010,13,2,644,10,82,4,7,1,2,1,1,3,13,7
176991,2006,2010,4,2,910,10,111,0,2,1,1,1,0,2,6,9
146017,2006,2010,4,2,910,12,111,0,2,1,1,1,0,2,6,9
169026,2006,2010,4,2,811,12,111,0,2,1,1,1,0,2,6,9
448672,2007,2010,3,2,1690,17,7,5,4,1,2,1,1,1,9,5
383185,2007,2010,3,2,1483,16,7,5,4,1,2,1,1,1,9,5
393805,2007,2010,3,2,1483,25,7,5,4,1,2,1,1,1,9,5
170796,2006,2010,4,2,818,1,249,11,1,1,0,1,0,2,3,7
202654,2006,2010,4,2,914,21,249,11,1,1,0,1,0,2,3,7
115044,1993,2010,17,2,914,13,523,20,6,2,0,1,0,5,14,17
38053,1992,2010,18,2,355,11,200,10,7,1,1,1,1,5,16,17
110619,1992,2010,18,2,914,18,142,8,5,1,1,1,0,4,9,14
118584,1993,2010,17,2,914,2,523,20,6,2,0,1,0,5,14,17
123893,1992,2010,18,2,1448,6,142,8,5,1,1,1,0,4,9,14
84955,1993,2010,17,2,644,11,523,20,6,2,0,1,0,5,14,17
39823,1992,2010,18,2,355,8,200,10,7,1,1,1,1,5,16,17
88495,1993,2010,17,2,644,10,523,20,6,2,0,1,0,5,14,17
175221,1993,2010,17,2,1288,6,523,20,6,2,0,1,0,5,14,17
117699,1993,2010,17,2,914,2,523,20,6,2,0,1,0,5,14,17
123893,1993,2010,17,2,914,6,523,20,6,2,0,1,0,5,14,17
233628,2007,2010,3,2,1394,6,554,10,2,2,2,2,1,2,9,8
82300,1992,2010,18,2,644,18,142,8,5,1,1,1,0,4,9,14
101769,1992,2010,18,2,914,9,142,8,5,1,1,1,0,4,9,14
428318,2007,2010,3,2,1643,22,0,16,3,1,2,1,2,2,9,10
185840,1986,2010,24,2,1377,6,713,27,5,1,1,0,1,1,9,6
212389,2007,2010,3,2,868,8,0,16,3,1,2,1,2,2,9,10
155752,1986,2010,24,2,1377,1,713,27,5,1,1,0,1,1,9,6
146017,1986,2010,24,2,1131,1,713,27,5,1,1,0,1,1,9,6
115044,1978,2010,32,2,871,8,87,4,3,2,1,1,0,2,7,11
416814,2007,2010,3,2,1643,10,0,16,3,1,2,1,2,2,9,10
194690,2007,2010,3,2,868,5,0,16,3,1,2,1,2,2,9,10
181415,2007,2010,3,2,868,4,0,16,3,1,2,1,2,2,9,10
132743,1986,2010,24,2,1313,1,713,27,5,1,1,0,1,1,9,6
65486,1997,2010,13,3,558,5,82,4,7,1,2,1,1,3,13,7
114159,1997,2010,13,3,914,7,82,4,7,1,2,1,1,3,13,7
115486,1997,2010,13,3,914,10,82,4,7,1,2,1,1,3,13,7
61946,1997,2010,13,3,558,7,82,4,7,1,2,1,1,3,13,7
106194,2009,2010,1,3,910,4,25,5,2,1,0,0,1,1,6,5
168141,2009,2010,1,3,910,5,25,5,2,1,0,0,1,1,6,5
348672,2007,2010,3,3,1444,3,7,5,4,1,2,1,1,1,9,5
371681,2007,2010,3,3,1444,9,7,5,4,1,2,1,1,1,9,5
357522,2007,2010,3,3,1334,21,7,5,4,1,2,1,1,1,9,5
462831,2007,2010,3,3,1690,22,7,5,4,1,2,1,1,1,9,5
448672,2007,2010,3,3,1690,14,7,5,4,1,2,1,1,1,9,5
347787,2007,2010,3,3,1334,12,7,5,4,1,2,1,1,1,9,5
448672,2007,2010,3,3,1690,13,7,5,4,1,2,1,1,1,9,5
46902,1986,2010,24,3,451,5,100,2,5,1,2,1,1,2,11,13
56637,1986,2010,24,3,508,7,100,2,5,1,2,1,1,2,11,13
180088,2006,2010,4,3,818,16,249,11,1,1,0,1,0,2,3,7
141592,2006,2010,4,3,818,17,249,11,1,1,0,1,0,2,3,7
165486,2006,2010,4,3,818,22,249,11,1,1,0,1,0,2,3,7
174336,2006,2010,4,3,818,24,249,11,1,1,0,1,0,2,3,7
131858,1993,2010,17,3,914,5,523,20,6,2,0,1,0,5,14,17
53097,1992,2010,18,3,576,12,200,10,7,1,1,1,1,5,16,17
65044,1992,2010,18,3,576,11,200,10,7,1,1,1,1,5,16,17
110176,1993,2010,17,3,914,3,523,20,6,2,0,1,0,5,14,17
96460,1993,2010,17,3,644,10,523,20,6,2,0,1,0,5,14,17
66371,1992,2010,18,3,640,15,200,10,7,1,1,1,1,5,16,17
92035,1993,2010,17,3,644,6,523,20,6,2,0,1,0,5,14,17
38938,1992,2010,18,3,355,12,200,10,7,1,1,1,1,5,16,17
87610,1993,2010,17,3,644,2,523,20,6,2,0,1,0,5,14,17
63716,1992,2010,18,3,640,2,200,10,7,1,1,1,1,5,16,17
109292,1992,2010,18,3,914,5,142,8,5,1,1,1,0,4,9,14
142920,2005,2010,5,3,743,19,67,0,5,2,0,1,0,4,13,15
161946,2005,2010,5,3,914,4,67,0,5,2,0,1,0,4,13,15
123451,1993,2010,17,3,914,4,523,20,6,2,0,1,0,5,14,17
106194,1992,2010,18,3,914,5,142,8,5,1,1,1,0,4,9,14
215044,2008,2010,2,3,1167,16,197,14,3,1,1,1,1,2,7,9
140707,1992,2010,18,3,1448,14,142,8,5,1,1,1,0,4,9,14
122123,1993,2010,17,3,914,2,523,20,6,2,0,1,0,5,14,17
110619,1992,2010,18,3,914,16,142,8,5,1,1,1,0,4,9,14
77876,1992,2010,18,3,644,4,142,8,5,1,1,1,0,4,9,14
146902,2005,2010,5,3,743,17,67,0,5,2,0,1,0,4,13,15
79646,1992,2010,18,3,644,14,142,8,5,1,1,1,0,4,9,14
132300,2005,2010,5,3,743,23,67,0,5,2,0,1,0,4,13,15
84513,1993,2010,17,3,644,7,523,20,6,2,0,1,0,5,14,17
141592,1986,2010,24,3,1313,2,713,27,5,1,1,0,1,1,9,6
174336,2006,2010,4,3,903,12,123,11,3,1,1,1,0,1,8,11
227433,2007,2010,3,3,868,10,0,16,3,1,2,1,2,2,9,10
130973,1986,2010,24,3,914,5,713,27,5,1,1,0,1,1,9,6
180973,2007,2010,3,3,868,2,0,16,3,1,2,1,2,2,9,10
364601,2007,2010,3,3,1643,30,0,16,3,1,2,1,2,2,9,10
163716,2006,2010,4,4,814,15,111,0,2,1,1,1,0,2,6,9
191150,2006,2010,4,4,910,7,111,0,2,1,1,1,0,2,6,9
55309,1985,2010,25,4,587,5,80,2,5,1,2,1,1,0,12,4
357522,2007,2010,3,4,1334,20,7,5,4,1,2,1,1,1,9,5
448672,2007,2010,3,4,1690,19,7,5,4,1,2,1,1,1,9,5
448672,2007,2010,3,4,1690,11,7,5,4,1,2,1,1,1,9,5
92920,1986,2010,24,4,910,12,100,2,5,1,2,1,1,2,11,13
247787,2006,2010,4,4,1437,4,249,11,1,1,0,1,0,2,3,7
38053,1992,2010,18,4,355,3,200,10,7,1,1,1,1,5,16,17
38938,1992,2010,18,4,355,2,200,10,7,1,1,1,1,5,16,17
62831,1992,2010,18,4,576,11,200,10,7,1,1,1,1,5,16,17
215929,2007,2010,3,4,1394,4,554,10,2,2,2,2,1,2,9,8
82035,1992,2010,18,4,644,18,142,8,5,1,1,1,0,4,9,14
176991,1993,2010,17,4,1451,9,523,20,6,2,0,1,0,5,14,17
38938,1992,2010,18,4,355,7,200,10,7,1,1,1,1,5,16,17
163716,2008,2010,2,4,914,23,197,14,3,1,1,1,1,2,7,9
127433,1993,2010,17,4,914,6,523,20,6,2,0,1,0,5,14,17
110619,1992,2010,18,4,914,8,142,8,5,1,1,1,0,4,9,14
